gender,manner_of_death
Female,Natural
Female,Suicide
Female,Cannot be Determined
Female,Natural
Female,Natural
Female,Natural
Female,Pending Investigation
Female,Suicide
Female,Homicide Justified (Law Enforcement Staff)
Female,Natural
Female,Natural
Female,Homicide Justified (Law Enforcement Staff)
Female,Natural
Female,Suicide
Female,Homicide Justified (Law Enforcement Staff)
Female,Homicide Justified (Law Enforcement Staff)
Female,Accidental
Female,Accidental
Female,Accidental
Female,Natural
Female,Natural
Female,Natural
Female,Natural
Female,Natural
Female,Accidental
Female,Suicide
Female,Natural
Female,Suicide
Female,Natural
Female,Homicide Justified (Law Enforcement Staff)
Female,Natural
Female,Natural
Female,Natural
Female,Natural
Female,Accidental
Female,Homicide Justified (Law Enforcement Staff)
Female,Natural
Female,Natural
Female,Natural
Female,Natural
Female,Natural
Female,Accidental
Female,Natural
Female,Homicide Justified (Law Enforcement Staff)
Female,Natural
Female,Natural
Female,Accidental
Female,Natural
Female,Homicide Justified (Law Enforcement Staff)
Female,Suicide
Female,Natural
Female,Natural
Female,Natural
Female,Cannot be Determined
Female,Accidental
Female,Suicide
Female,Natural
Female,Suicide
Female,Natural
Female,Accidental
Female,Natural
Female,Natural
Female,Natural
Female,Accidental
Female,Natural
Female,Natural
Female,Natural
Female,Natural
Female,Natural
Female,Pending Investigation
Female,Natural
Female,Suicide
Female,Suicide
Female,Natural
Female,Natural
Female,Homicide Justified (Law Enforcement Staff)
Female,Cannot be Determined
Female,Natural
Female,Natural
Female,Natural
Female,Suicide
Female,Natural
Female,Natural
Female,Homicide Justified (Law Enforcement Staff)
Female,Natural
Female,Accidental
Female,Natural
Female,Natural
Female,Natural
Female,Suicide
Female,Natural
Female,Natural
Female,Natural
Female,Homicide Justified (Law Enforcement Staff)
Female,Accidental
Female,Natural
Female,Homicide Justified (Law Enforcement Staff)
Female,Accidental
Female,Natural
Female,Homicide Justified (Law Enforcement Staff)
Female,Natural
Female,Natural
Female,Homicide Justified (Law Enforcement Staff)
Female,Natural
Female,Natural
Female,Natural
Female,Accidental
Female,Natural
Female,Accidental
Female,Accidental
Female,Natural
Female,Natural
Female,Natural
Female,Natural
Female,Suicide
Female,Natural
Female,Suicide
Female,Natural
Female,Accidental
Female,Natural
Female,Homicide Willful (Other Inmate)
Female,Natural
Female,Natural
Female,Natural
Female,Pending Investigation
Female,Natural
Female,Natural
Female,Accidental
Female,Natural
Female,Pending Investigation
Female,Natural
Female,Homicide Justified (Law Enforcement Staff)
Female,Natural
Female,Natural
Female,Natural
Female,Natural
Female,Natural
Female,Natural
Female,Suicide
Female,Natural
Female,Natural
Female,Natural
Female,Natural
Female,Suicide
Female,Accidental
Female,Natural
Female,Natural
Female,Natural
Female,Natural
Female,Pending Investigation
Female,Natural
Female,Natural
Female,Homicide Justified (Law Enforcement Staff)
Female,Homicide Justified (Law Enforcement Staff)
Female,Natural
Female,Accidental
Female,Suicide
Female,Natural
Female,Natural
Female,Natural
Female,Homicide Justified (Law Enforcement Staff)
Female,Natural
Female,Natural
Female,Natural
Female,Natural
Female,Natural
Female,Natural
Female,Natural
Female,Natural
Female,Suicide
Female,Suicide
Female,Natural
Female,Natural
Female,Suicide
Female,Cannot be Determined
Female,Homicide Justified (Law Enforcement Staff)
Female,Homicide Justified (Law Enforcement Staff)
Female,Pending Investigation
Female,Pending Investigation
Female,Pending Investigation
Female,Pending Investigation
Female,Natural
Female,Natural
Female,Suicide
Female,Suicide
Female,Cannot be Determined
Female,Natural
Female,Natural
Female,Suicide
Female,Natural
Female,Accidental
Female,Natural
Female,Natural
Female,Natural
Female,Natural
Female,Natural
Female,Natural
Female,Natural
Female,Homicide Justified (Law Enforcement Staff)
Female,Natural
Female,Suicide
Female,Natural
Female,Homicide Justified (Law Enforcement Staff)
Female,Natural
Female,Natural
Female,Natural
Female,Natural
Female,Natural
Female,Natural
Female,Pending Investigation
Female,Natural
Female,Natural
Female,Homicide Justified (Law Enforcement Staff)
Female,Natural
Female,Accidental
Female,Natural
Female,Pending Investigation
Female,Suicide
Female,Natural
Female,Natural
Female,Natural
Female,Natural
Female,Natural
Female,Homicide Justified (Law Enforcement Staff)
Female,Natural
Female,Homicide Justified (Law Enforcement Staff)
Female,Suicide
Female,Accidental
Female,Homicide Justified (Law Enforcement Staff)
Female,Natural
Female,Natural
Female,Natural
Male,Homicide Justified (Law Enforcement Staff)
Male,Natural
Male,Homicide Justified (Law Enforcement Staff)
Male,Homicide Willful (Law Enforcement Staff)
Male,Natural
Male,Natural
Male,Accidental
Male,Natural
Male,Homicide Justified (Law Enforcement Staff)
Male,Accidental
Male,Natural
Male,Homicide Justified (Law Enforcement Staff)
Male,Pending Investigation
Male,Accidental
Male,Natural
Male,Natural
Male,Natural
Male,Suicide
Male,Natural
Male,Natural
Male,Natural
Male,Natural
Male,Accidental
Male,Natural
Male,Natural
Male,Natural
Male,Accidental
Male,Natural
Male,Suicide
Male,Natural
Male,Natural
Male,Accidental
Male,Natural
Male,Natural
Male,Natural
Male,Natural
Male,Pending Investigation
Male,Natural
Male,Natural
Male,Homicide Justified (Law Enforcement Staff)
Male,Accidental
Male,Natural
Male,Pending Investigation
Male,Homicide Justified (Law Enforcement Staff)
Male,Accidental
Male,Homicide Willful (Other Inmate)
Male,Natural
Male,Natural
Male,Homicide Justified (Law Enforcement Staff)
Male,Homicide Justified (Law Enforcement Staff)
Male,Natural
Male,Natural
Male,Homicide Justified (Law Enforcement Staff)
Male,Homicide Willful (Other Inmate)
Male,Natural
Male,Suicide
Male,Natural
Male,Natural
Male,Natural
Male,Natural
Male,Homicide Willful (Other Inmate)
Male,Natural
Male,Homicide Justified (Law Enforcement Staff)
Male,Natural
Male,Suicide
Male,Suicide
Male,Homicide Justified (Law Enforcement Staff)
Male,Natural
Male,Accidental
Male,Natural
Male,Natural
Male,Natural
Male,Homicide Justified (Law Enforcement Staff)
Male,Suicide
Male,Natural
Male,Suicide
Male,Pending Investigation
Male,Natural
Male,Pending Investigation
Male,Natural
Male,Natural
Male,Natural
Male,Natural
Male,Suicide
Male,Homicide Justified (Law Enforcement Staff)
Male,Homicide Justified (Law Enforcement Staff)
Male,Natural
Male,Homicide Justified (Law Enforcement Staff)
Male,Accidental
Male,Natural
Male,Suicide
Male,Natural
Male,Suicide
Male,Cannot be Determined
Male,Accidental
Male,Homicide Justified (Law Enforcement Staff)
Male,Homicide Justified (Law Enforcement Staff)
Male,Natural
Male,Natural
Male,Natural
Male,Natural
Male,Natural
Male,Pending Investigation
Male,Natural
Male,Homicide Willful (Other Inmate)
Male,Natural
Male,Accidental
Male,Natural
Male,Pending Investigation
Male,Natural
Male,Natural
Male,Suicide
Male,Natural
Male,Homicide Justified (Law Enforcement Staff)
Male,Homicide Justified (Law Enforcement Staff)
Male,Natural
Male,Natural
Male,Accidental
Male,Natural
Male,Natural
Male,Natural
Male,Natural
Male,Suicide
Male,Homicide Justified (Other Inmate)
Male,Homicide Justified (Law Enforcement Staff)
Male,Natural
Male,Pending Investigation
Male,Natural
Male,Natural
Male,Natural
Male,Homicide Justified (Law Enforcement Staff)
Male,Homicide Justified (Law Enforcement Staff)
Male,Natural
Male,Homicide Justified (Law Enforcement Staff)
Male,Natural
Male,Natural
Male,Accidental
Male,Pending Investigation
Male,Natural
Male,Homicide Justified (Law Enforcement Staff)
Male,Natural
Male,Accidental
Male,Homicide Justified (Law Enforcement Staff)
Male,Accidental
Male,Natural
Male,Accidental
Male,Natural
Male,Suicide
Male,Natural
Male,Natural
Male,Natural
Male,Natural
Male,Natural
Male,Natural
Male,Natural
Male,Natural
Male,Natural
Male,Accidental
Male,Natural
Male,Natural
Male,Natural
Male,Natural
Male,Natural
Male,Homicide Justified (Law Enforcement Staff)
Male,Homicide Justified (Law Enforcement Staff)
Male,Homicide Justified (Law Enforcement Staff)
Male,Natural
Male,Natural
Male,Suicide
Male,Homicide Justified (Law Enforcement Staff)
Male,Natural
Male,Pending Investigation
Male,Homicide Justified (Law Enforcement Staff)
Male,Homicide Justified (Law Enforcement Staff)
Male,Natural
Male,Natural
Male,Natural
Male,Natural
Male,Natural
Male,Natural
Male,Natural
Male,Natural
Male,Natural
Male,Natural
Male,Natural
Male,Natural
Male,Natural
Male,Homicide Justified (Law Enforcement Staff)
Male,Homicide Justified (Law Enforcement Staff)
Male,Natural
Male,Suicide
Male,Natural
Male,Natural
Male,Homicide Justified (Law Enforcement Staff)
Male,Homicide Justified (Law Enforcement Staff)
Male,Natural
Male,Homicide Justified (Law Enforcement Staff)
Male,Suicide
Male,Suicide
Male,Natural
Male,Accidental
Male,Natural
Male,Natural
Male,Accidental
Male,Natural
Male,Suicide
Male,Natural
Male,Pending Investigation
Male,Homicide Justified (Law Enforcement Staff)
Male,Homicide Willful (Other Inmate)
Male,Natural
Male,Homicide Justified (Law Enforcement Staff)
Male,Natural
Male,Natural
Male,Accidental
Male,Homicide Justified (Law Enforcement Staff)
Male,Natural
Male,Natural
Male,Homicide Justified (Law Enforcement Staff)
Male,Natural
Male,Natural
Male,Natural
Male,Homicide Justified (Law Enforcement Staff)
Male,Natural
Male,Natural
Male,Natural
Male,Natural
Male,Natural
Male,Other
Male,Natural
Male,Natural
Male,Suicide
Male,Natural
Male,Homicide Justified (Law Enforcement Staff)
Male,Natural
Male,Natural
Male,Natural
Male,Suicide
Male,Natural
Male,Natural
Male,Natural
Male,Natural
Male,Suicide
Male,Homicide Justified (Law Enforcement Staff)
Male,Homicide Willful (Other Inmate)
Male,Suicide
Male,Natural
Male,Natural
Male,Natural
Male,Natural
Male,Natural
Male,Homicide Willful (Other Inmate)
Male,Natural
Male,Natural
Male,Natural
Male,Homicide Justified (Law Enforcement Staff)
Male,Suicide
Male,Homicide Justified (Law Enforcement Staff)
Male,Natural
Male,Natural
Male,Natural
Male,Natural
Male,Natural
Male,Natural
Male,Natural
Male,Natural
Male,Natural
Male,Natural
Male,Accidental
Male,Natural
Male,Natural
Male,Homicide Justified (Law Enforcement Staff)
Male,Natural
Male,Natural
Male,Natural
Male,Accidental
Male,Suicide
Male,Natural
Male,Other
Male,Natural
Male,Natural
Male,Natural
Male,Accidental
Male,Pending Investigation
Male,Suicide
Male,Natural
Male,Natural
Male,Natural
Male,Natural
Male,Suicide
Male,Natural
Male,Natural
Male,Natural
Male,Suicide
Male,Accidental
Male,Natural
Male,Natural
Male,Suicide
Male,Suicide
Male,Natural
Male,Pending Investigation
Male,Suicide
Male,Suicide
Male,Natural
Male,Suicide
Male,Accidental
Male,Natural
Male,Natural
Male,Natural
Male,Homicide Justified (Law Enforcement Staff)
Male,Natural
Male,Natural
Male,Suicide
Male,Homicide Justified (Law Enforcement Staff)
Male,Accidental
Male,Other
Male,Natural
Male,Pending Investigation
Male,Suicide
Male,Natural
Male,Natural
Male,Homicide Justified (Law Enforcement Staff)
Male,Natural
Male,Natural
Male,Suicide
Male,Natural
Male,Accidental
Male,Natural
Male,Natural
Male,Natural
Male,Suicide
Male,Natural
Male,Homicide Justified (Law Enforcement Staff)
Male,Homicide Willful (Other Inmate)
Male,Natural
Male,Homicide Willful (Other Inmate)
Male,Homicide Justified (Law Enforcement Staff)
Male,Natural
Male,Accidental
Male,Homicide Justified (Law Enforcement Staff)
Male,Homicide Justified (Law Enforcement Staff)
Male,Natural
Male,Natural
Male,Suicide
Male,Natural
Male,Natural
Male,Natural
Male,Natural
Male,Natural
Male,Natural
Male,Natural
Male,Natural
Male,Homicide Justified (Law Enforcement Staff)
Male,Homicide Justified (Law Enforcement Staff)
Male,Natural
Male,Suicide
Male,Natural
Male,Natural
Male,Suicide
Male,Natural
Male,Homicide Willful (Other Inmate)
Male,Natural
Male,Natural
Male,Natural
Male,Natural
Male,Natural
Male,Accidental
Male,Homicide Justified (Law Enforcement Staff)
Male,Accidental
Male,Natural
Male,Pending Investigation
Male,Natural
Male,Cannot be Determined
Male,Accidental
Male,Natural
Male,Natural
Male,Suicide
Male,Homicide Justified (Law Enforcement Staff)
Male,Homicide Justified (Law Enforcement Staff)
Male,Homicide Justified (Law Enforcement Staff)
Male,Natural
Male,Natural
Male,Homicide Justified (Law Enforcement Staff)
Male,Homicide Justified (Law Enforcement Staff)
Male,Suicide
Male,Natural
Male,Natural
Male,Natural
Male,Suicide
Male,Natural
Male,Natural
Male,Homicide Justified (Law Enforcement Staff)
Male,Natural
Male,Homicide Justified (Law Enforcement Staff)
Male,Natural
Male,Accidental
Male,Homicide Justified (Law Enforcement Staff)
Male,Natural
Male,Homicide Justified (Law Enforcement Staff)
Male,Natural
Male,Pending Investigation
Male,Natural
Male,Natural
Male,Natural
Male,Natural
Male,Natural
Male,Cannot be Determined
Male,Natural
Male,Natural
Male,Homicide Justified (Law Enforcement Staff)
Male,Natural
Male,Natural
Male,Natural
Male,Natural
Male,Natural
Male,Suicide
Male,Natural
Male,Natural
Male,Natural
Male,Natural
Male,Suicide
Male,Natural
Male,Natural
Male,Pending Investigation
Male,Natural
Male,Natural
Male,Natural
Male,Natural
Male,Natural
Male,Homicide Justified (Law Enforcement Staff)
Male,Homicide Justified (Law Enforcement Staff)
Male,Accidental
Male,Natural
Male,Natural
Male,Natural
Male,Homicide Justified (Law Enforcement Staff)
Male,Natural
Male,Homicide Willful (Other Inmate)
Male,Natural
Male,Accidental
Male,Natural
Male,Homicide Justified (Law Enforcement Staff)
Male,Natural
Male,Natural
Male,Natural
Male,Natural
Male,Accidental
Male,Natural
Male,Natural
Male,Natural
Male,Natural
Male,Homicide Justified (Law Enforcement Staff)
Male,Homicide Justified (Law Enforcement Staff)
Male,Natural
Male,Natural
Male,Homicide Justified (Law Enforcement Staff)
Male,Homicide Justified (Law Enforcement Staff)
Male,Natural
Male,Natural
Male,Natural
Male,Natural
Male,Homicide Justified (Law Enforcement Staff)
Male,Natural
Male,Natural
Male,Natural
Male,Natural
Male,Homicide Justified (Law Enforcement Staff)
Male,Natural
Male,Accidental
Male,Homicide Willful (Other Inmate)
Male,Natural
Male,Accidental
Male,Suicide
Male,Accidental
Male,Homicide Justified (Law Enforcement Staff)
Male,Natural
Male,Homicide Justified (Law Enforcement Staff)
Male,Homicide Justified (Law Enforcement Staff)
Male,Homicide Justified (Law Enforcement Staff)
Male,Natural
Male,Homicide Justified (Law Enforcement Staff)
Male,Homicide Justified (Law Enforcement Staff)
Male,Pending Investigation
Male,Natural
Male,Natural
Male,Natural
Male,Natural
Male,Natural
Male,Natural
Male,Suicide
Male,Homicide Willful (Other Inmate)
Male,Homicide Justified (Law Enforcement Staff)
Male,Natural
Male,Accidental
Male,Suicide
Male,Suicide
Male,Natural
Male,Natural
Male,Natural
Male,Homicide Justified (Law Enforcement Staff)
Male,Natural
Male,Homicide Justified (Law Enforcement Staff)
Male,Homicide Justified (Law Enforcement Staff)
Male,Natural
Male,Natural
Male,Natural
Male,Natural
Male,Natural
Male,Pending Investigation
Male,Natural
Male,Natural
Male,Homicide Justified (Law Enforcement Staff)
Male,Natural
Male,Natural
Male,Natural
Male,Natural
Male,Natural
Male,Cannot be Determined
Male,Natural
Male,Suicide
Male,Accidental
Male,Natural
Male,Natural
Male,Natural
Male,Natural
Male,Pending Investigation
Male,Suicide
Male,Homicide Justified (Law Enforcement Staff)
Male,Natural
Male,Natural
Male,Natural
Male,Natural
Male,Natural
Male,Natural
Male,Natural
Male,Homicide Justified (Law Enforcement Staff)
Male,Homicide Justified (Law Enforcement Staff)
Male,Natural
Male,Homicide Willful (Other Inmate)
Male,Cannot be Determined
Male,Natural
Male,Natural
Male,Natural
Male,Natural
Male,Natural
Male,Suicide
Male,Natural
Male,Homicide Justified (Law Enforcement Staff)
Male,Natural
Male,Natural
Male,Homicide Justified (Law Enforcement Staff)
Male,Accidental
Male,Natural
Male,Natural
Male,Natural
Male,Natural
Male,Homicide Justified (Law Enforcement Staff)
Male,Accidental
Male,Suicide
Male,Natural
Male,Natural
Male,Suicide
Male,Natural
Male,Homicide Justified (Law Enforcement Staff)
Male,Homicide Justified (Law Enforcement Staff)
Male,Natural
Male,Natural
Male,Homicide Justified (Law Enforcement Staff)
Male,Homicide Justified (Law Enforcement Staff)
Male,Suicide
Male,Natural
Male,Natural
Male,Natural
Male,Suicide
Male,Homicide Justified (Law Enforcement Staff)
Male,Natural
Male,Suicide
Male,Homicide Justified (Law Enforcement Staff)
Male,Pending Investigation
Male,Natural
Male,Natural
Male,Natural
Male,Natural
Male,Suicide
Male,Pending Investigation
Male,Homicide Justified (Law Enforcement Staff)
Male,Suicide
Male,Homicide Justified (Law Enforcement Staff)
Male,Natural
Male,Natural
Male,Homicide Justified (Law Enforcement Staff)
Male,Natural
Male,Natural
Male,Natural
Male,Homicide Justified (Law Enforcement Staff)
Male,Natural
Male,Suicide
Male,Homicide Justified (Law Enforcement Staff)
Male,Natural
Male,Homicide Justified (Law Enforcement Staff)
Male,Natural
Male,Natural
Male,Accidental
Male,Natural
Male,Natural
Male,Natural
Male,Suicide
Male,Natural
Male,Homicide Justified (Law Enforcement Staff)
Male,Natural
Male,Homicide Justified (Law Enforcement Staff)
Male,Natural
Male,Accidental
Male,Natural
Male,Natural
Male,Suicide
Male,Natural
Male,Homicide Justified (Law Enforcement Staff)
Male,Natural
Male,Homicide Justified (Law Enforcement Staff)
Male,Homicide Justified (Law Enforcement Staff)
Male,Natural
Male,Homicide Willful (Other Inmate)
Male,Natural
Male,Natural
Male,Natural
Male,Natural
Male,Homicide Justified (Law Enforcement Staff)
Male,Natural
Male,Homicide Justified (Law Enforcement Staff)
Male,Natural
Male,Pending Investigation
Male,Natural
Male,Accidental
Male,Suicide
Male,Accidental
Male,Accidental
Male,Natural
Male,Accidental
Male,Natural
Male,Suicide
Male,Homicide Justified (Law Enforcement Staff)
Male,Natural
Male,Accidental
Male,Suicide
Male,Natural
Male,Natural
Male,Natural
Male,Natural
Male,Natural
Male,Natural
Male,Natural
Male,Natural
Male,Suicide
Male,Homicide Justified (Law Enforcement Staff)
Male,Natural
Male,Natural
Male,Natural
Male,Natural
Male,Homicide Willful (Other Inmate)
Male,Natural
Male,Homicide Justified (Law Enforcement Staff)
Male,Suicide
Male,Accidental
Male,Natural
Male,Natural
Male,Natural
Male,Homicide Justified (Law Enforcement Staff)
Male,Natural
Male,Suicide
Male,Natural
Male,Natural
Male,Homicide Justified (Law Enforcement Staff)
Male,Homicide Justified (Law Enforcement Staff)
Male,Homicide Justified (Law Enforcement Staff)
Male,Pending Investigation
Male,Suicide
Male,Natural
Male,Natural
Male,Natural
Male,Natural
Male,Natural
Male,Natural
Male,Suicide
Male,Accidental
Male,Suicide
Male,Natural
Male,Natural
Male,Natural
Male,Pending Investigation
Male,Natural
Male,Natural
Male,Natural
Male,Cannot be Determined
Male,Natural
Male,Pending Investigation
Male,Natural
Male,Homicide Justified (Law Enforcement Staff)
Male,Homicide Justified (Law Enforcement Staff)
Male,Natural
Male,Natural
Male,Accidental
Male,Homicide Justified (Law Enforcement Staff)
Male,Accidental
Male,Natural
Male,Homicide Justified (Law Enforcement Staff)
Male,Homicide Justified (Law Enforcement Staff)
Male,Natural
Male,Natural
Male,Accidental
Male,Natural
Male,Natural
Male,Natural
Male,Natural
Male,Natural
Male,Suicide
Male,Natural
Male,Suicide
Male,Natural
Male,Accidental
Male,Accidental
Male,Accidental
Male,Natural
Male,Natural
Male,Natural
Male,Homicide Justified (Law Enforcement Staff)
Male,Suicide
Male,Natural
Male,Natural
Male,Natural
Male,Accidental
Male,Natural
Male,Suicide
Male,Natural
Male,Natural
Male,Natural
Male,Natural
Male,Suicide
Male,Natural
Male,Natural
Male,Homicide Justified (Law Enforcement Staff)
Male,Natural
Male,Homicide Justified (Law Enforcement Staff)
Male,Natural
Male,Suicide
Male,Natural
Male,Natural
Male,Natural
Male,Natural
Male,Homicide Justified (Law Enforcement Staff)
Male,Natural
Male,Natural
Male,Natural
Male,Cannot be Determined
Male,Natural
Male,Accidental
Male,Natural
Male,Natural
Male,Homicide Willful (Other Inmate)
Male,Homicide Justified (Law Enforcement Staff)
Male,Natural
Male,Natural
Male,Suicide
Male,Homicide Willful (Other Inmate)
Male,Homicide Justified (Law Enforcement Staff)
Male,Natural
Male,Natural
Male,Homicide Justified (Law Enforcement Staff)
Male,Cannot be Determined
Male,Natural
Male,Natural
Male,Natural
Male,Homicide Justified (Law Enforcement Staff)
Male,Natural
Male,Suicide
Male,Natural
Male,Natural
Male,Homicide Justified (Law Enforcement Staff)
Male,Natural
Male,Natural
Male,Suicide
Male,Homicide Justified (Law Enforcement Staff)
Male,Accidental
Male,Natural
Male,Natural
Male,Natural
Male,Accidental
Male,Natural
Male,Natural
Male,Homicide Justified (Law Enforcement Staff)
Male,Accidental
Male,Homicide Justified (Law Enforcement Staff)
Male,Natural
Male,Natural
Male,Suicide
Male,Natural
Male,Natural
Male,Homicide Justified (Law Enforcement Staff)
Male,Natural
Male,Natural
Male,Homicide Justified (Law Enforcement Staff)
Male,Natural
Male,Natural
Male,Natural
Male,Natural
Male,Natural
Male,Homicide Justified (Law Enforcement Staff)
Male,Homicide Justified (Law Enforcement Staff)
Male,Accidental
Male,Homicide Justified (Law Enforcement Staff)
Male,Pending Investigation
Male,Pending Investigation
Male,Natural
Male,Natural
Male,Cannot be Determined
Male,Natural
Male,Natural
Male,Homicide Justified (Law Enforcement Staff)
Male,Cannot be Determined
Male,Homicide Justified (Law Enforcement Staff)
Male,Suicide
Male,Homicide Justified (Law Enforcement Staff)
Male,Accidental
Male,Homicide Justified (Law Enforcement Staff)
Male,Natural
Male,Accidental
Male,Homicide Justified (Law Enforcement Staff)
Male,Accidental
Male,Natural
Male,Natural
Male,Suicide
Male,Suicide
Male,Natural
Male,Suicide
Male,Natural
Male,Suicide
Male,Natural
Male,Homicide Willful (Other Inmate)
Male,Natural
Male,Homicide Justified (Law Enforcement Staff)
Male,Natural
Male,Natural
Male,Suicide
Male,Cannot be Determined
Male,Natural
Male,Pending Investigation
Male,Natural
Male,Natural
Male,Natural
Male,Homicide Justified (Law Enforcement Staff)
Male,Homicide Justified (Law Enforcement Staff)
Male,Homicide Willful (Other Inmate)
Male,Natural
Male,Natural
Male,Homicide Justified (Law Enforcement Staff)
Male,Natural
Male,Homicide Willful (Other Inmate)
Male,Natural
Male,Natural
Male,Natural
Male,Natural
Male,Suicide
Male,Homicide Willful (Other Inmate)
Male,Suicide
Male,Suicide
Male,Natural
Male,Natural
Male,Natural
Male,Natural
Male,Natural
Male,Natural
Male,Suicide
Male,Natural
Male,Suicide
Male,Natural
Male,Homicide Justified (Law Enforcement Staff)
Male,Natural
Male,Natural
Male,Homicide Justified (Law Enforcement Staff)
Male,Accidental
Male,Homicide Justified (Law Enforcement Staff)
Male,Natural
Male,Natural
Male,Homicide Justified (Law Enforcement Staff)
Male,Natural
Male,Homicide Justified (Law Enforcement Staff)
Male,Natural
Male,Natural
Male,Natural
Male,Accidental
Male,Natural
Male,Cannot be Determined
Male,Natural
Male,Natural
Male,Accidental
Male,Natural
Male,Natural
Male,Suicide
Male,Natural
Male,Pending Investigation
Male,Natural
Male,Cannot be Determined
Male,Natural
Male,Cannot be Determined
Male,Natural
Male,Natural
Male,Natural
Male,Homicide Willful (Other Inmate)
Male,Natural
Male,Natural
Male,Natural
Male,Natural
Male,Natural
Male,Homicide Justified (Law Enforcement Staff)
Male,Homicide Justified (Law Enforcement Staff)
Male,Suicide
Male,Pending Investigation
Male,Natural
Male,Natural
Male,Accidental
Male,Accidental
Male,Natural
Male,Natural
Male,Natural
Male,Suicide
Male,Natural
Male,Natural
Male,Natural
Male,Natural
Male,Natural
Male,Natural
Male,Pending Investigation
Male,Natural
Male,Accidental
Male,Homicide Justified (Law Enforcement Staff)
Male,Homicide Justified (Law Enforcement Staff)
Male,Natural
Male,Natural
Male,Homicide Justified (Law Enforcement Staff)
Male,Natural
Male,Accidental
Male,Natural
Male,Natural
Male,Natural
Male,Natural
Male,Pending Investigation
Male,Homicide Justified (Law Enforcement Staff)
Male,Homicide Justified (Law Enforcement Staff)
Male,Natural
Male,Natural
Male,Natural
Male,Natural
Male,Natural
Male,Accidental
Male,Homicide Justified (Law Enforcement Staff)
Male,Natural
Male,Natural
Male,Pending Investigation
Male,Natural
Male,Suicide
Male,Natural
Male,Natural
Male,Homicide Justified (Law Enforcement Staff)
Male,Accidental
Male,Suicide
Male,Suicide
Male,Natural
Male,Natural
Male,Suicide
Male,Natural
Male,Natural
Male,Homicide Justified (Law Enforcement Staff)
Male,Suicide
Male,Suicide
Male,Pending Investigation
Male,Suicide
Male,Natural
Male,Accidental
Male,Natural
Male,Accidental
Male,Homicide Justified (Law Enforcement Staff)
Male,Homicide Justified (Law Enforcement Staff)
Male,Natural
Male,Homicide Justified (Law Enforcement Staff)
Male,Suicide
Male,Natural
Male,Accidental
Male,Natural
Male,Homicide Justified (Law Enforcement Staff)
Male,Natural
Male,Natural
Male,Natural
Male,Natural
Male,Homicide Justified (Law Enforcement Staff)
Male,Natural
Male,Natural
Male,Homicide Justified (Law Enforcement Staff)
Male,Natural
Male,Homicide Justified (Law Enforcement Staff)
Male,Natural
Male,Natural
Male,Natural
Male,Accidental
Male,Natural
Male,Natural
Male,Natural
Male,Suicide
Male,Natural
Male,Natural
Male,Natural
Male,Homicide Justified (Law Enforcement Staff)
Male,Homicide Justified (Law Enforcement Staff)
Male,Homicide Justified (Law Enforcement Staff)
Male,Suicide
Male,Natural
Male,Accidental
Male,Natural
Male,Natural
Male,Other
Male,Suicide
Male,Homicide Justified (Law Enforcement Staff)
Male,Natural
Male,Suicide
Male,Homicide Justified (Law Enforcement Staff)
Male,Natural
Male,Accidental
Male,Homicide Justified (Law Enforcement Staff)
Male,Accidental
Male,Accidental
Male,Natural
Male,Natural
Male,Accidental
Male,Suicide
Male,Pending Investigation
Male,Homicide Justified (Law Enforcement Staff)
Male,Natural
Male,Homicide Willful (Other Inmate)
Male,Natural
Male,Natural
Male,Natural
Male,Homicide Justified (Law Enforcement Staff)
Male,Suicide
Male,Natural
Male,Homicide Justified (Law Enforcement Staff)
Male,Natural
Male,Suicide
Male,Natural
Male,Natural
Male,Natural
Male,Pending Investigation
Male,Natural
Male,Natural
Male,Homicide Justified (Law Enforcement Staff)
Male,Natural
Male,Suicide
Male,Natural
Male,Homicide Justified (Law Enforcement Staff)
Male,Natural
Male,Natural
Male,Natural
Male,Natural
Male,Homicide Justified (Law Enforcement Staff)
Male,Natural
Male,Natural
Male,Natural
Male,Natural
Male,Natural
Male,Natural
Male,Homicide Justified (Law Enforcement Staff)
Male,Natural
Male,Accidental
Male,Homicide Justified (Law Enforcement Staff)
Male,Homicide Justified (Law Enforcement Staff)
Male,Suicide
Male,Natural
Male,Natural
Male,Natural
Male,Pending Investigation
Male,Natural
Male,Natural
Male,Natural
Male,Natural
Male,Natural
Male,Suicide
Male,Suicide
Male,Homicide Willful (Other Inmate)
Male,Natural
Male,Natural
Male,Suicide
Male,Natural
Male,Natural
Male,Natural
Male,Suicide
Male,Natural
Male,Suicide
Male,Natural
Male,Natural
Male,Natural
Male,Accidental
Male,Natural
Male,Accidental
Male,Natural
Male,Suicide
Male,Natural
Male,Natural
Male,Natural
Male,Homicide Justified (Law Enforcement Staff)
Male,Suicide
Male,Natural
Male,Homicide Justified (Law Enforcement Staff)
Male,Homicide Justified (Law Enforcement Staff)
Male,Natural
Male,Natural
Male,Natural
Male,Accidental
Male,Natural
Male,Natural
Male,Natural
Male,Natural
Male,Natural
Male,Accidental
Male,Natural
Male,Natural
Male,Natural
Male,Natural
Male,Suicide
Male,Homicide Willful (Other Inmate)
Male,Accidental
Male,Natural
Male,Natural
Male,Natural
Male,Homicide Justified (Law Enforcement Staff)
Male,Suicide
Male,Homicide Justified (Law Enforcement Staff)
Male,Execution
Male,Natural
Male,Natural
Male,Homicide Justified (Law Enforcement Staff)
Male,Natural
Male,Natural
Male,Natural
Male,Natural
Male,Homicide Justified (Law Enforcement Staff)
Male,Natural
Male,Suicide
Male,Homicide Willful (Other Inmate)
Male,Natural
Male,Natural
Male,Homicide Justified (Law Enforcement Staff)
Male,Natural
Male,Natural
Male,Homicide Willful (Other Inmate)
Male,Natural
Male,Natural
Male,Natural
Male,Natural
Male,Natural
Male,Cannot be Determined
Male,Natural
Male,Homicide Justified (Law Enforcement Staff)
Male,Natural
Male,Natural
Male,Homicide Justified (Law Enforcement Staff)
Male,Homicide Justified (Law Enforcement Staff)
Male,Suicide
Male,Natural
Male,Suicide
Male,Natural
Male,Pending Investigation
Male,Cannot be Determined
Male,Natural
Male,Homicide Justified (Law Enforcement Staff)
Male,Pending Investigation
Male,Natural
Male,Natural
Male,Homicide Justified (Law Enforcement Staff)
Male,Natural
Male,Homicide Justified (Law Enforcement Staff)
Male,Natural
Male,Natural
Male,Natural
Male,Natural
Male,Natural
Male,Natural
Male,Homicide Justified (Law Enforcement Staff)
Male,Natural
Male,Natural
Male,Natural
Male,Natural
Male,Natural
Male,Natural
Male,Natural
Male,Natural
Male,Natural
Male,Natural
Male,Natural
Male,Suicide
Male,Natural
Male,Natural
Male,Cannot be Determined
Male,Natural
Male,Natural
Male,Accidental
Male,Natural
Male,Homicide Justified (Law Enforcement Staff)
Male,Natural
Male,Natural
Male,Natural
Male,Natural
Male,Natural
Male,Suicide
Male,Natural
Male,Suicide
Male,Homicide Justified (Law Enforcement Staff)
Male,Accidental
Male,Homicide Justified (Law Enforcement Staff)
Male,Natural
Male,Natural
Male,Natural
Male,Suicide
Male,Suicide
Male,Natural
Male,Natural
Male,Homicide Justified (Law Enforcement Staff)
Male,Natural
Male,Natural
Male,Natural
Male,Natural
Male,Accidental
Male,Natural
Male,Suicide
Male,Natural
Male,Natural
Male,Natural
Male,Accidental
Male,Natural
Male,Natural
Male,Homicide Willful (Other Inmate)
Male,Natural
Male,Natural
Male,Suicide
Male,Natural
Male,Accidental
Male,Homicide Justified (Law Enforcement Staff)
Male,Natural
Male,Natural
Male,Homicide Justified (Law Enforcement Staff)
Male,Homicide Justified (Law Enforcement Staff)
Male,Natural
Male,Suicide
Male,Natural
Male,Natural
Male,Pending Investigation
Male,Natural
Male,Homicide Justified (Law Enforcement Staff)
Male,Natural
Male,Natural
Male,Natural
Male,Natural
Male,Natural
Male,Natural
Male,Natural
Male,Natural
Male,Suicide
Male,Accidental
Male,Natural
Male,Pending Investigation
Male,Suicide
Male,Homicide Justified (Law Enforcement Staff)
Male,Natural
Male,Natural
Male,Pending Investigation
Male,Homicide Justified (Law Enforcement Staff)
Male,Natural
Male,Natural
Male,Natural
Male,Cannot be Determined
Male,Natural
Male,Natural
Male,Natural
Male,Natural
Male,Natural
Male,Natural
Male,Natural
Male,Natural
Male,Homicide Justified (Law Enforcement Staff)
Male,Homicide Justified (Law Enforcement Staff)
Male,Homicide Justified (Law Enforcement Staff)
Male,Suicide
Male,Natural
Male,Natural
Male,Natural
Male,Natural
Male,Natural
Male,Natural
Male,Natural
Male,Natural
Male,Cannot be Determined
Male,Natural
Male,Natural
Male,Homicide Willful (Other Inmate)
Male,Accidental
Male,Homicide Justified (Law Enforcement Staff)
Male,Suicide
Male,Natural
Male,Natural
Male,Natural
Male,Homicide Justified (Law Enforcement Staff)
Male,Natural
Male,Natural
Male,Natural
Male,Homicide Justified (Law Enforcement Staff)
Male,Natural
Male,Natural
Male,Cannot be Determined
Male,Natural
Male,Homicide Justified (Law Enforcement Staff)
Male,Natural
Male,Homicide Willful (Other Inmate)
Male,Homicide Justified (Law Enforcement Staff)
Male,Natural
Male,Natural
Male,Natural
Male,Homicide Justified (Law Enforcement Staff)
Male,Homicide Justified (Law Enforcement Staff)
Male,Accidental
Male,Suicide
Male,Accidental
Male,Homicide Willful (Other Inmate)
Male,Natural
Male,Natural
Male,Accidental
Male,Homicide Justified (Law Enforcement Staff)
Male,Natural
Male,Natural
Male,Natural
Male,Pending Investigation
Male,Accidental
Male,Natural
Male,Accidental
Male,Pending Investigation
Male,Suicide
Male,Natural
Male,Natural
Male,Homicide Justified (Law Enforcement Staff)
Male,Suicide
Male,Accidental
Male,Natural
Male,Natural
Male,Natural
Male,Suicide
Male,Natural
Male,Accidental
Male,Natural
Male,Natural
Male,Suicide
Male,Suicide
Male,Natural
Male,Accidental
Male,Pending Investigation
Male,Natural
Male,Accidental
Male,Suicide
Male,Natural
Male,Natural
Male,Natural
Male,Natural
Male,Accidental
Male,Homicide Justified (Law Enforcement Staff)
Male,Natural
Male,Accidental
Male,Natural
Male,Homicide Justified (Law Enforcement Staff)
Male,Natural
Male,Natural
Male,Homicide Justified (Law Enforcement Staff)
Male,Homicide Justified (Law Enforcement Staff)
Male,Suicide
Male,Suicide
Male,Homicide Justified (Law Enforcement Staff)
Male,Suicide
Male,Natural
Male,Natural
Male,Homicide Justified (Law Enforcement Staff)
Male,Natural
Male,Natural
Male,Natural
Male,Natural
Male,Suicide
Male,Pending Investigation
Male,Homicide Justified (Law Enforcement Staff)
Male,Natural
Male,Accidental
Male,Homicide Willful (Other Inmate)
Male,Homicide Justified (Law Enforcement Staff)
Male,Natural
Male,Accidental
Male,Accidental
Male,Homicide Justified (Law Enforcement Staff)
Male,Homicide Justified (Law Enforcement Staff)
Male,Natural
Male,Natural
Male,Natural
Male,Homicide Willful (Other Inmate)
Male,Suicide
Male,Accidental
Male,Natural
Male,Homicide Justified (Law Enforcement Staff)
Male,Natural
Male,Accidental
Male,Natural
Male,Homicide Justified (Law Enforcement Staff)
Male,Homicide Justified (Law Enforcement Staff)
Male,Natural
Male,Homicide Justified (Law Enforcement Staff)
Male,Natural
Male,Homicide Justified (Law Enforcement Staff)
Male,Natural
Male,Homicide Justified (Law Enforcement Staff)
Male,Natural
Male,Natural
Male,Natural
Male,Natural
Male,Homicide Justified (Law Enforcement Staff)
Male,Accidental
Male,Natural
Male,Natural
Male,Natural
Male,Homicide Justified (Law Enforcement Staff)
Male,Natural
Male,Homicide Justified (Law Enforcement Staff)
Male,Natural
Male,Accidental
Male,Natural
Male,Natural
Male,Natural
Male,Natural
Male,Natural
Male,Natural
Male,Accidental
Male,Homicide Justified (Law Enforcement Staff)
Male,Homicide Justified (Law Enforcement Staff)
Male,Accidental
Male,Cannot be Determined
Male,Natural
Male,Natural
Male,Accidental
Male,Natural
Male,Homicide Justified (Law Enforcement Staff)
Male,Suicide
Male,Natural
Male,Natural
Male,Natural
Male,Natural
Male,Homicide Justified (Law Enforcement Staff)
Male,Natural
Male,Natural
Male,Natural
Male,Natural
Male,Natural
Male,Natural
Male,Natural
Male,Cannot be Determined
Male,Other
Male,Natural
Male,Natural
Male,Natural
Male,Natural
Male,Natural
Male,Pending Investigation
Male,Natural
Male,Natural
Male,Suicide
Male,Natural
Male,Homicide Willful (Other Inmate)
Male,Suicide
Male,Natural
Male,Pending Investigation
Male,Accidental
Male,Natural
Male,Natural
Male,Natural
Male,Natural
Male,Natural
Male,Natural
Male,Cannot be Determined
Male,Accidental
Male,Accidental
Male,Natural
Male,Natural
Male,Natural
Male,Homicide Justified (Law Enforcement Staff)
Male,Homicide Justified (Law Enforcement Staff)
Male,Homicide Justified (Law Enforcement Staff)
Male,Homicide Willful (Other Inmate)
Male,Homicide Justified (Law Enforcement Staff)
Male,Natural
Male,Natural
Male,Natural
Male,Suicide
Male,Homicide Willful (Other Inmate)
Male,Natural
Male,Natural
Male,Accidental
Male,Natural
Male,Other
Male,Homicide Justified (Law Enforcement Staff)
Male,Other
Male,Natural
Male,Natural
Male,Natural
Male,Homicide Justified (Law Enforcement Staff)
Male,Homicide Justified (Law Enforcement Staff)
Male,Homicide Justified (Law Enforcement Staff)
Male,Homicide Justified (Law Enforcement Staff)
Male,Natural
Male,Accidental
Male,Natural
Male,Natural
Male,Natural
Male,Accidental
Male,Suicide
Male,Homicide Justified (Law Enforcement Staff)
Male,Natural
Male,Accidental
Male,Natural
Male,Natural
Male,Natural
Male,Natural
Male,Natural
Male,Accidental
Male,Natural
Male,Suicide
Male,Accidental
Male,Natural
Male,Natural
Male,Natural
Male,Natural
Male,Suicide
Male,Natural
Male,Natural
Male,Homicide Justified (Law Enforcement Staff)
Male,Homicide Justified (Law Enforcement Staff)
Male,Natural
Male,Suicide
Male,Natural
Male,Suicide
Male,Natural
Male,Suicide
Male,Natural
Male,Suicide
Male,Pending Investigation
Male,Cannot be Determined
Male,Natural
Male,Natural
Male,Homicide Justified (Law Enforcement Staff)
Male,Suicide
Male,Homicide Justified (Law Enforcement Staff)
Male,Natural
Male,Natural
Male,Natural
Male,Homicide Justified (Law Enforcement Staff)
Male,Natural
Male,Natural
Male,Homicide Justified (Law Enforcement Staff)
Male,Suicide
Male,Natural
Male,Homicide Willful (Other Inmate)
Male,Suicide
Male,Natural
Male,Natural
Male,Homicide Justified (Law Enforcement Staff)
Male,Natural
Male,Suicide
Male,Natural
Male,Suicide
Male,Homicide Justified (Law Enforcement Staff)
Male,Natural
Male,Accidental
Male,Homicide Justified (Law Enforcement Staff)
Male,Homicide Justified (Law Enforcement Staff)
Male,Accidental
Male,Homicide Justified (Law Enforcement Staff)
Male,Natural
Male,Natural
Male,Natural
Male,Natural
Male,Natural
Male,Accidental
Male,Suicide
Male,Suicide
Male,Natural
Male,Natural
Male,Natural
Male,Accidental
Male,Accidental
Male,Natural
Male,Natural
Male,Natural
Male,Natural
Male,Natural
Male,Natural
Male,Natural
Male,Suicide
Male,Homicide Justified (Law Enforcement Staff)
Male,Natural
Male,Accidental
Male,Natural
Male,Natural
Male,Natural
Male,Accidental
Male,Natural
Male,Homicide Willful (Other Inmate)
Male,Natural
Male,Homicide Justified (Law Enforcement Staff)
Male,Homicide Justified (Law Enforcement Staff)
Male,Pending Investigation
Male,Suicide
Male,Natural
Male,Natural
Male,Suicide
Male,Accidental
Male,Natural
Male,Accidental
Male,Homicide Justified (Law Enforcement Staff)
Male,Natural
Male,Homicide Justified (Law Enforcement Staff)
Male,Natural
Male,Suicide
Male,Natural
Male,Natural
Male,Natural
Male,Natural
Male,Natural
Male,Accidental
Male,Suicide
Male,Suicide
Male,Natural
Male,Suicide
Male,Suicide
Male,Homicide Willful (Other Inmate)
Male,Suicide
Male,Natural
Male,Natural
Male,Natural
Male,Homicide Willful (Other Inmate)
Male,Natural
Male,Homicide Willful (Other Inmate)
Male,Homicide Justified (Law Enforcement Staff)
Male,Accidental
Male,Natural
Male,Natural
Male,Natural
Male,Natural
Male,Natural
Male,Homicide Willful (Other Inmate)
Male,Natural
Male,Natural
Male,Suicide
Male,Homicide Justified (Law Enforcement Staff)
Male,Natural
Male,Other
Male,Natural
Male,Natural
Male,Natural
Male,Natural
Male,Natural
Male,Natural
Male,Natural
Male,Accidental
Male,Homicide Justified (Law Enforcement Staff)
Male,Natural
Male,Natural
Male,Natural
Male,Cannot be Determined
Male,Natural
Male,Natural
Male,Natural
Male,Natural
Male,Homicide Justified (Law Enforcement Staff)
Male,Suicide
Male,Natural
Male,Homicide Justified (Law Enforcement Staff)
Male,Natural
Male,Natural
Male,Natural
Male,Natural
Male,Accidental
Male,Homicide Justified (Law Enforcement Staff)
Male,Cannot be Determined
Male,Homicide Willful (Other Inmate)
Male,Natural
Male,Homicide Justified (Law Enforcement Staff)
Male,Natural
Male,Natural
Male,Natural
Male,Natural
Male,Accidental
Male,Homicide Justified (Law Enforcement Staff)
Male,Natural
Male,Homicide Willful (Other Inmate)
Male,Natural
Male,Homicide Justified (Law Enforcement Staff)
Male,Homicide Justified (Law Enforcement Staff)
Male,Natural
Male,Natural
Male,Natural
Male,Natural
Male,Suicide
Male,Natural
Male,Natural
Male,Natural
Male,Homicide Justified (Law Enforcement Staff)
Male,Cannot be Determined
Male,Natural
Male,Natural
Male,Suicide
Male,Natural
Male,Natural
Male,Suicide
Male,Natural
Male,Natural
Male,Natural
Male,Suicide
Male,Homicide Justified (Law Enforcement Staff)
Male,Natural
Male,Natural
Male,Pending Investigation
Male,Homicide Justified (Law Enforcement Staff)
Male,Natural
Male,Natural
Male,Natural
Male,Pending Investigation
Male,Natural
Male,Homicide Justified (Law Enforcement Staff)
Male,Natural
Male,Natural
Male,Natural
Male,Natural
Male,Natural
Male,Homicide Willful (Other Inmate)
Male,Natural
Male,Natural
Male,Natural
Male,Natural
Male,Natural
Male,Suicide
Male,Natural
Male,Suicide
Male,Natural
Male,Suicide
Male,Natural
Male,Suicide
Male,Natural
Male,Natural
Male,Natural
Male,Accidental
Male,Natural
Male,Natural
Male,Homicide Justified (Law Enforcement Staff)
Male,Natural
Male,Natural
Male,Suicide
Male,Suicide
Male,Natural
Male,Pending Investigation
Male,Natural
Male,Natural
Male,Pending Investigation
Male,Natural
Male,Suicide
Male,Homicide Justified (Law Enforcement Staff)
Male,Natural
Male,Natural
Male,Natural
Male,Natural
Male,Natural
Male,Natural
Male,Natural
Male,Natural
Male,Cannot be Determined
Male,Suicide
Male,Natural
Male,Homicide Justified (Law Enforcement Staff)
Male,Homicide Justified (Law Enforcement Staff)
Male,Suicide
Male,Natural
Male,Accidental
Male,Natural
Male,Natural
Male,Homicide Justified (Law Enforcement Staff)
Male,Natural
Male,Natural
Male,Natural
Male,Natural
Male,Natural
Male,Homicide Willful (Other Inmate)
Male,Accidental
Male,Natural
Male,Natural
Male,Natural
Male,Suicide
Male,Natural
Male,Natural
Male,Homicide Justified (Law Enforcement Staff)
Male,Natural
Male,Homicide Justified (Law Enforcement Staff)
Male,Natural
Male,Homicide Justified (Law Enforcement Staff)
Male,Pending Investigation
Male,Natural
Male,Homicide Justified (Law Enforcement Staff)
Male,Accidental
Male,Homicide Justified (Law Enforcement Staff)
Male,Natural
Male,Pending Investigation
Male,Natural
Male,Cannot be Determined
Male,Natural
Male,Suicide
Male,Natural
Male,Homicide Justified (Law Enforcement Staff)
Male,Accidental
Male,Homicide Willful (Other Inmate)
Male,Natural
Male,Natural
Male,Homicide Justified (Law Enforcement Staff)
Male,Natural
Male,Natural
Male,Natural
Male,Homicide Justified (Law Enforcement Staff)
Male,Natural
Male,Natural
Male,Suicide
Male,Natural
Male,Suicide
Male,Natural
Male,Homicide Willful (Other Inmate)
Male,Natural
Male,Natural
Male,Natural
Male,Suicide
Male,Homicide Justified (Law Enforcement Staff)
Male,Natural
Male,Natural
Male,Natural
Male,Natural
Male,Suicide
Male,Natural
Male,Natural
Male,Suicide
Male,Homicide Willful (Other Inmate)
Male,Suicide
Male,Natural
Male,Suicide
Male,Natural
Male,Homicide Justified (Law Enforcement Staff)
Male,Natural
Male,Natural
Male,Homicide Justified (Law Enforcement Staff)
Male,Accidental
Male,Pending Investigation
Male,Suicide
Male,Homicide Justified (Law Enforcement Staff)
Male,Natural
Male,Homicide Justified (Law Enforcement Staff)
Male,Natural
Male,Pending Investigation
Male,Natural
Male,Natural
Male,Accidental
Male,Suicide
Male,Suicide
Male,Accidental
Male,Natural
Male,Natural
Male,Natural
Male,Natural
Male,Homicide Justified (Law Enforcement Staff)
Male,Natural
Male,Natural
Male,Natural
Male,Natural
Male,Homicide Willful (Other Inmate)
Male,Natural
Male,Accidental
Male,Natural
Male,Suicide
Male,Natural
Male,Natural
Male,Natural
Male,Accidental
Male,Pending Investigation
Male,Natural
Male,Accidental
Male,Natural
Male,Natural
Male,Suicide
Male,Natural
Male,Natural
Male,Natural
Male,Pending Investigation
Male,Natural
Male,Natural
Male,Natural
Male,Natural
Male,Homicide Justified (Law Enforcement Staff)
Male,Natural
Male,Suicide
Male,Homicide Justified (Law Enforcement Staff)
Male,Natural
Male,Suicide
Male,Cannot be Determined
Male,Natural
Male,Natural
Male,Natural
Male,Homicide Willful (Other Inmate)
Male,Natural
Male,Natural
Male,Natural
Male,Natural
Male,Natural
Male,Natural
Male,Suicide
Male,Suicide
Male,Homicide Justified (Law Enforcement Staff)
Male,Natural
Male,Natural
Male,Natural
Male,Natural
Male,Homicide Justified (Law Enforcement Staff)
Male,Natural
Male,Pending Investigation
Male,Natural
Male,Homicide Justified (Law Enforcement Staff)
Male,Suicide
Male,Natural
Male,Homicide Willful (Other Inmate)
Male,Homicide Justified (Law Enforcement Staff)
Male,Natural
Male,Natural
Male,Homicide Justified (Law Enforcement Staff)
Male,Natural
Male,Natural
Male,Suicide
Male,Natural
Male,Natural
Male,Natural
Male,Natural
Male,Homicide Willful (Other Inmate)
Male,Homicide Justified (Law Enforcement Staff)
Male,Natural
Male,Natural
Male,Homicide Justified (Law Enforcement Staff)
Male,Natural
Male,Homicide Willful (Other Inmate)
Male,Natural
Male,Pending Investigation
Male,Natural
Male,Natural
Male,Natural
Male,Natural
Male,Accidental
Male,Homicide Willful (Other Inmate)
Male,Suicide
Male,Natural
Male,Natural
Male,Accidental
Male,Natural
Male,Natural
Male,Natural
Male,Natural
Male,Natural
Male,Accidental
Male,Natural
Male,Natural
Male,Homicide Willful (Other Inmate)
Male,Homicide Justified (Law Enforcement Staff)
Male,Natural
Male,Suicide
Male,Natural
Male,Natural
Male,Natural
Male,Natural
Male,Homicide Justified (Law Enforcement Staff)
Male,Natural
Male,Natural
Male,Natural
Male,Homicide Justified (Law Enforcement Staff)
Male,Natural
Male,Homicide Justified (Law Enforcement Staff)
Male,Homicide Justified (Law Enforcement Staff)
Male,Pending Investigation
Male,Natural
Male,Natural
Male,Natural
Male,Homicide Willful (Other Inmate)
Male,Accidental
Male,Suicide
Male,Homicide Justified (Law Enforcement Staff)
Male,Suicide
Male,Natural
Male,Natural
Male,Natural
Male,Natural
Male,Natural
Male,Natural
Male,Homicide Willful (Other Inmate)
Male,Natural
Male,Natural
Male,Natural
Male,Suicide
Male,Natural
Male,Suicide
Male,Natural
Male,Natural
Male,Natural
Male,Natural
Male,Homicide Justified (Law Enforcement Staff)
Male,Natural
Male,Accidental
Male,Other
Male,Homicide Justified (Law Enforcement Staff)
Male,Homicide Justified (Law Enforcement Staff)
Male,Accidental
Male,Homicide Justified (Law Enforcement Staff)
Male,Suicide
Male,Accidental
Male,Homicide Justified (Law Enforcement Staff)
Male,Natural
Male,Natural
Male,Accidental
Male,Homicide Justified (Law Enforcement Staff)
Male,Suicide
Male,Homicide Justified (Law Enforcement Staff)
Male,Natural
Male,Accidental
Male,Natural
Male,Natural
Male,Homicide Justified (Law Enforcement Staff)
Male,Natural
Male,Natural
Male,Natural
Male,Natural
Male,Homicide Justified (Law Enforcement Staff)
Male,Natural
Male,Accidental
Male,Natural
Male,Cannot be Determined
Male,Natural
Male,Natural
Male,Natural
Male,Natural
Male,Pending Investigation
Male,Natural
Male,Natural
Male,Cannot be Determined
Male,Natural
Male,Natural
Male,Natural
Male,Natural
Male,Natural
Male,Natural
Male,Natural
Male,Homicide Justified (Law Enforcement Staff)
Male,Natural
Male,Natural
Male,Homicide Justified (Law Enforcement Staff)
Male,Suicide
Male,Homicide Justified (Law Enforcement Staff)
Male,Natural
Male,Natural
Male,Accidental
Male,Accidental
Male,Accidental
Male,Natural
Male,Natural
Male,Natural
Male,Natural
Male,Natural
Male,Natural
Male,Natural
Male,Natural
Male,Natural
Male,Natural
Male,Homicide Justified (Law Enforcement Staff)
Male,Natural
Male,Natural
Male,Suicide
Male,Homicide Justified (Law Enforcement Staff)
Male,Pending Investigation
Male,Natural
Male,Suicide
Male,Homicide Justified (Law Enforcement Staff)
Male,Natural
Male,Natural
Male,Natural
Male,Natural
Male,Natural
Male,Homicide Justified (Law Enforcement Staff)
Male,Natural
Male,Natural
Male,Suicide
Male,Suicide
Male,Natural
Male,Natural
Male,Natural
Male,Suicide
Male,Accidental
Male,Natural
Male,Natural
Male,Natural
Male,Natural
Male,Natural
Male,Natural
Male,Natural
Male,Natural
Male,Accidental
Male,Natural
Male,Natural
Male,Natural
Male,Cannot be Determined
Male,Suicide
Male,Natural
Male,Homicide Willful (Other Inmate)
Male,Natural
Male,Natural
Male,Suicide
Male,Natural
Male,Natural
Male,Natural
Male,Natural
Male,Homicide Willful (Other Inmate)
Male,Natural
Male,Natural
Male,Pending Investigation
Male,Natural
Male,Natural
Male,Suicide
Male,Natural
Male,Homicide Justified (Law Enforcement Staff)
Male,Suicide
Male,Natural
Male,Natural
Male,Natural
Male,Natural
Male,Natural
Male,Natural
Male,Natural
Male,Homicide Justified (Law Enforcement Staff)
Male,Suicide
Male,Natural
Male,Natural
Male,Homicide Justified (Law Enforcement Staff)
Male,Natural
Male,Accidental
Male,Homicide Justified (Law Enforcement Staff)
Male,Natural
Male,Homicide Justified (Law Enforcement Staff)
Male,Natural
Male,Suicide
Male,Natural
Male,Homicide Justified (Law Enforcement Staff)
Male,Homicide Justified (Law Enforcement Staff)
Male,Natural
Male,Natural
Male,Homicide Justified (Law Enforcement Staff)
Male,Natural
Male,Natural
Male,Suicide
Male,Homicide Justified (Law Enforcement Staff)
Male,Natural
Male,Homicide Willful (Other Inmate)
Male,Natural
Male,Natural
Male,Natural
Male,Natural
Male,Suicide
Male,Homicide Justified (Law Enforcement Staff)
Male,Pending Investigation
Male,Natural
Male,Natural
Male,Natural
Male,Natural
Male,Suicide
Male,Homicide Justified (Law Enforcement Staff)
Male,Natural
Male,Natural
Male,Homicide Willful (Other Inmate)
Male,Natural
Male,Natural
Male,Natural
Male,Natural
Male,Natural
Male,Natural
Male,Natural
Male,Natural
Male,Homicide Willful (Other Inmate)
Male,Natural
Male,Natural
Male,Natural
Male,Natural
Male,Natural
Male,Natural
Male,Natural
Male,Natural
Male,Accidental
Male,Natural
Male,Natural
Male,Natural
Male,Suicide
Male,Natural
Male,Suicide
Male,Natural
Male,Natural
Male,Natural
Male,Natural
Male,Natural
Male,Natural
Male,Accidental
Male,Suicide
Male,Natural
Male,Natural
Male,Pending Investigation
Male,Natural
Male,Natural
Male,Natural
Male,Natural
Male,Natural
Male,Natural
Male,Suicide
Male,Pending Investigation
Male,Natural
Male,Natural
Male,Accidental
Male,Homicide Justified (Law Enforcement Staff)
Male,Natural
Male,Natural
Male,Natural
Male,Accidental
Male,Natural
Male,Cannot be Determined
Male,Suicide
Male,Natural
Male,Natural
Male,Homicide Justified (Law Enforcement Staff)
Male,Suicide
Male,Accidental
Male,Natural
Male,Natural
Male,Pending Investigation
Male,Suicide
Male,Natural
Male,Homicide Justified (Law Enforcement Staff)
Male,Natural
Male,Natural
Male,Accidental
Male,Natural
Male,Homicide Justified (Law Enforcement Staff)
Male,Natural
Male,Suicide
Male,Homicide Willful (Other Inmate)
Male,Natural
Male,Accidental
Male,Natural
Male,Natural
Male,Homicide Justified (Law Enforcement Staff)
Male,Natural
Male,Natural
Male,Natural
Male,Homicide Justified (Law Enforcement Staff)
Male,Homicide Justified (Law Enforcement Staff)
Male,Natural
Male,Natural
Male,Suicide
Male,Suicide
Male,Suicide
Male,Natural
Male,Natural
Male,Natural
Male,Natural
Male,Natural
Male,Natural
Male,Homicide Justified (Law Enforcement Staff)
Male,Natural
Male,Natural
Male,Natural
Male,Natural
Male,Natural
Male,Homicide Justified (Law Enforcement Staff)
Male,Cannot be Determined
Male,Natural
Male,Homicide Justified (Law Enforcement Staff)
Male,Homicide Justified (Law Enforcement Staff)
Male,Natural
Male,Natural
Male,Natural
Male,Natural
Male,Natural
Male,Natural
Male,Natural
Male,Natural
Male,Suicide
Male,Homicide Justified (Law Enforcement Staff)
Male,Natural
Male,Natural
Male,Natural
Male,Natural
Male,Homicide Justified (Law Enforcement Staff)
Male,Natural
Male,Pending Investigation
Male,Natural
Male,Homicide Justified (Law Enforcement Staff)
Male,Accidental
Male,Homicide Justified (Law Enforcement Staff)
Male,Natural
Male,Natural
Male,Natural
Male,Suicide
Male,Natural
Male,Natural
Male,Accidental
Male,Natural
Male,Suicide
Male,Natural
Male,Natural
Male,Natural
Male,Natural
Male,Natural
Male,Homicide Justified (Law Enforcement Staff)
Male,Suicide
Male,Natural
Male,Homicide Justified (Law Enforcement Staff)
Male,Natural
Male,Natural
Male,Suicide
Male,Homicide Justified (Law Enforcement Staff)
Male,Natural
Male,Natural
Male,Homicide Justified (Law Enforcement Staff)
Male,Homicide Justified (Law Enforcement Staff)
Male,Accidental
Male,Natural
Male,Pending Investigation
Male,Natural
Male,Homicide Justified (Law Enforcement Staff)
Male,Natural
Male,Homicide Justified (Law Enforcement Staff)
Male,Suicide
Male,Natural
Male,Natural
Male,Natural
Male,Natural
Male,Homicide Justified (Law Enforcement Staff)
Male,Homicide Justified (Law Enforcement Staff)
Male,Accidental
Male,Natural
Male,Natural
Male,Natural
Male,Homicide Justified (Law Enforcement Staff)
Male,Suicide
Male,Natural
Male,Accidental
Male,Homicide Justified (Law Enforcement Staff)
Male,Natural
Male,Natural
Male,Suicide
Male,Natural
Male,Pending Investigation
Male,Natural
Male,Natural
Male,Natural
Male,Natural
Male,Homicide Justified (Law Enforcement Staff)
Male,Homicide Justified (Law Enforcement Staff)
Male,Natural
Male,Natural
Male,Natural
Male,Natural
Male,Natural
Male,Natural
Male,Natural
Male,Natural
Male,Natural
Male,Natural
Male,Homicide Justified (Law Enforcement Staff)
Male,Natural
Male,Homicide Willful (Other Inmate)
Male,Suicide
Male,Homicide Justified (Law Enforcement Staff)
Male,Natural
Male,Natural
Male,Natural
Male,Homicide Justified (Law Enforcement Staff)
Male,Natural
Male,Natural
Male,Natural
Male,Suicide
Male,Pending Investigation
Male,Natural
Male,Accidental
Male,Natural
Male,Accidental
Male,Natural
Male,Natural
Male,Natural
Male,Homicide Justified (Law Enforcement Staff)
Male,Natural
Male,Homicide Justified (Law Enforcement Staff)
Male,Natural
Male,Natural
Male,Natural
Male,Natural
Male,Natural
Male,Natural
Male,Homicide Justified (Law Enforcement Staff)
Male,Natural
Male,Natural
Male,Natural
Male,Suicide
Male,Homicide Justified (Law Enforcement Staff)
Male,Suicide
Male,Natural
Male,Natural
Male,Natural
Male,Natural
Male,Natural
Male,Natural
Male,Natural
Male,Homicide Justified (Law Enforcement Staff)
Male,Homicide Justified (Law Enforcement Staff)
Male,Natural
Male,Homicide Willful (Other Inmate)
Male,Natural
Male,Homicide Willful (Other Inmate)
Male,Natural
Male,Natural
Male,Natural
Male,Natural
Male,Natural
Male,Natural
Male,Pending Investigation
Male,Natural
Male,Natural
Male,Natural
Male,Homicide Justified (Law Enforcement Staff)
Male,Natural
Male,Suicide
Male,Natural
Male,Homicide Justified (Law Enforcement Staff)
Male,Natural
Male,Pending Investigation
Male,Natural
Male,Natural
Male,Natural
Male,Natural
Male,Homicide Justified (Law Enforcement Staff)
Male,Natural
Male,Suicide
Male,Natural
Male,Suicide
Male,Accidental
Male,Natural
Male,Pending Investigation
Male,Natural
Male,Natural
Male,Natural
Male,Accidental
Male,Natural
Male,Natural
Male,Other
Male,Accidental
Male,Suicide
Male,Accidental
Male,Natural
Male,Natural
Male,Homicide Willful (Other Inmate)
Male,Natural
Male,Suicide
Male,Natural
Male,Natural
Male,Cannot be Determined
Male,Natural
Male,Natural
Male,Natural
Male,Suicide
Male,Pending Investigation
Male,Natural
Male,Natural
Male,Natural
Male,Homicide Justified (Law Enforcement Staff)
Male,Natural
Male,Natural
Male,Homicide Justified (Law Enforcement Staff)
Male,Homicide Willful (Other Inmate)
Male,Suicide
Male,Natural
Male,Natural
Male,Natural
Male,Natural
Male,Homicide Justified (Law Enforcement Staff)
Male,Accidental
Male,Natural
Male,Natural
Male,Natural
Male,Natural
Male,Natural
Male,Accidental
Male,Natural
Male,Natural
Male,Natural
Male,Natural
Male,Homicide Willful (Other Inmate)
Male,Natural
Male,Natural
Male,Accidental
Male,Homicide Justified (Law Enforcement Staff)
Male,Natural
Male,Accidental
Male,Homicide Willful (Other Inmate)
Male,Natural
Male,Natural
Male,Natural
Male,Natural
Male,Natural
Male,Homicide Willful (Other Inmate)
Male,Homicide Justified (Law Enforcement Staff)
Male,Suicide
Male,Pending Investigation
Male,Homicide Justified (Law Enforcement Staff)
Male,Natural
Male,Accidental
Male,Homicide Justified (Law Enforcement Staff)
Male,Natural
Male,Suicide
Male,Other
Male,Natural
Male,Natural
Male,Suicide
Male,Homicide Justified (Law Enforcement Staff)
Male,Suicide
Male,Natural
Male,Natural
Male,Natural
Male,Suicide
Male,Natural
Male,Natural
Male,Natural
Male,Natural
Male,Accidental
Male,Homicide Justified (Law Enforcement Staff)
Male,Natural
Male,Homicide Justified (Law Enforcement Staff)
Male,Homicide Justified (Law Enforcement Staff)
Male,Natural
Male,Homicide Justified (Law Enforcement Staff)
Male,Natural
Male,Homicide Justified (Law Enforcement Staff)
Male,Natural
Male,Natural
Male,Homicide Justified (Law Enforcement Staff)
Male,Natural
Male,Natural
Male,Natural
Male,Suicide
Male,Natural
Male,Natural
Male,Natural
Male,Natural
Male,Natural
Male,Natural
Male,Homicide Justified (Law Enforcement Staff)
Male,Natural
Male,Natural
Male,Natural
Male,Homicide Justified (Law Enforcement Staff)
Male,Homicide Justified (Law Enforcement Staff)
Male,Natural
Male,Cannot be Determined
Male,Natural
Male,Natural
Male,Suicide
Male,Natural
Male,Natural
Male,Natural
Male,Suicide
Male,Homicide Justified (Law Enforcement Staff)
Male,Natural
Male,Suicide
Male,Natural
Male,Homicide Justified (Law Enforcement Staff)
Male,Natural
Male,Natural
Male,Natural
Male,Suicide
Male,Homicide Willful (Other Inmate)
Male,Natural
Male,Homicide Justified (Law Enforcement Staff)
Male,Natural
Male,Natural
Male,Accidental
Male,Homicide Justified (Law Enforcement Staff)
Male,Homicide Justified (Law Enforcement Staff)
Male,Accidental
Male,Natural
Male,Natural
Male,Accidental
Male,Accidental
Male,Homicide Justified (Law Enforcement Staff)
Male,Homicide Justified (Law Enforcement Staff)
Male,Homicide Justified (Law Enforcement Staff)
Male,Natural
Male,Natural
Male,Natural
Male,Natural
Male,Cannot be Determined
Male,Suicide
Male,Natural
Male,Natural
Male,Accidental
Male,Homicide Justified (Law Enforcement Staff)
Male,Natural
Male,Natural
Male,Natural
Male,Accidental
Male,Natural
Male,Suicide
Male,Natural
Male,Suicide
Male,Natural
Male,Accidental
Male,Natural
Male,Natural
Male,Homicide Justified (Law Enforcement Staff)
Male,Natural
Male,Natural
Male,Accidental
Male,Natural
Male,Natural
Male,Natural
Male,Natural
Male,Natural
Male,Natural
Male,Natural
Male,Natural
Male,Natural
Male,Natural
Male,Natural
Male,Accidental
Male,Natural
Male,Natural
Male,Natural
Male,Natural
Male,Natural
Male,Natural
Male,Homicide Justified (Law Enforcement Staff)
Male,Natural
Male,Natural
Male,Natural
Male,Natural
Male,Homicide Justified (Law Enforcement Staff)
Male,Accidental
Male,Homicide Justified (Law Enforcement Staff)
Male,Suicide
Male,Natural
Male,Natural
Male,Natural
Male,Homicide Justified (Law Enforcement Staff)
Male,Natural
Male,Suicide
Male,Accidental
Male,Suicide
Male,Natural
Male,Homicide Justified (Law Enforcement Staff)
Male,Natural
Male,Natural
Male,Natural
Male,Suicide
Male,Natural
Male,Natural
Male,Homicide Justified (Law Enforcement Staff)
Male,Natural
Male,Pending Investigation
Male,Natural
Male,Natural
Male,Natural
Male,Homicide Justified (Law Enforcement Staff)
Male,Cannot be Determined
Male,Homicide Justified (Law Enforcement Staff)
Male,Accidental
Male,Natural
Male,Other
Male,Natural
Male,Homicide Justified (Law Enforcement Staff)
Male,Natural
Male,Natural
Male,Cannot be Determined
Male,Natural
Male,Natural
Male,Suicide
Male,Suicide
Male,Natural
Male,Accidental
Male,Natural
Male,Accidental
Male,Natural
Male,Cannot be Determined
Male,Natural
Male,Natural
Male,Natural
Male,Natural
Male,Natural
Male,Homicide Justified (Law Enforcement Staff)
Male,Suicide
Male,Accidental
Male,Natural
Male,Natural
Male,Natural
Male,Natural
Male,Pending Investigation
Male,Homicide Willful (Other Inmate)
Male,Natural
Male,Homicide Willful (Other Inmate)
Male,Accidental
Male,Homicide Justified (Law Enforcement Staff)
Male,Accidental
Male,Natural
Male,Accidental
Male,Natural
Male,Natural
Male,Homicide Justified (Law Enforcement Staff)
Male,Natural
Male,Natural
Male,Natural
Male,Suicide
Male,Homicide Justified (Law Enforcement Staff)
Male,Natural
Male,Pending Investigation
Male,Homicide Justified (Law Enforcement Staff)
Male,Cannot be Determined
Male,Natural
Male,Natural
Male,Natural
Male,Homicide Willful (Other Inmate)
Male,Natural
Male,Natural
Male,Homicide Justified (Law Enforcement Staff)
Male,Natural
Male,Natural
Male,Accidental
Male,Cannot be Determined
Male,Natural
Male,Homicide Willful (Other Inmate)
Male,Natural
Male,Accidental
Male,Natural
Male,Accidental
Male,Homicide Justified (Law Enforcement Staff)
Male,Natural
Male,Natural
Male,Homicide Justified (Law Enforcement Staff)
Male,Accidental
Male,Natural
Male,Natural
Male,Natural
Male,Natural
Male,Accidental
Male,Accidental
Male,Suicide
Male,Suicide
Male,Natural
Male,Homicide Justified (Law Enforcement Staff)
Male,Natural
Male,Natural
Male,Natural
Male,Homicide Justified (Law Enforcement Staff)
Male,Homicide Justified (Law Enforcement Staff)
Male,Natural
Male,Suicide
Male,Natural
Male,Natural
Male,Natural
Male,Natural
Male,Natural
Male,Natural
Male,Natural
Male,Natural
Male,Homicide Justified (Law Enforcement Staff)
Male,Natural
Male,Homicide Justified (Law Enforcement Staff)
Male,Natural
Male,Homicide Justified (Law Enforcement Staff)
Male,Natural
Male,Accidental
Male,Homicide Justified (Law Enforcement Staff)
Male,Homicide Justified (Law Enforcement Staff)
Male,Natural
Male,Suicide
Male,Suicide
Male,Suicide
Male,Natural
Male,Natural
Male,Homicide Justified (Law Enforcement Staff)
Male,Natural
Male,Natural
Male,Natural
Male,Homicide Justified (Law Enforcement Staff)
Male,Suicide
Male,Natural
Male,Pending Investigation
Male,Homicide Justified (Law Enforcement Staff)
Male,Natural
Male,Accidental
Male,Accidental
Male,Natural
Male,Natural
Male,Natural
Male,Natural
Male,Natural
Male,Natural
Male,Natural
Male,Homicide Justified (Law Enforcement Staff)
Male,Natural
Male,Natural
Male,Accidental
Male,Homicide Willful (Other Inmate)
Male,Natural
Male,Natural
Male,Natural
Male,Natural
Male,Suicide
Male,Homicide Justified (Law Enforcement Staff)
Male,Suicide
Male,Accidental
Male,Natural
Male,Natural
Male,Natural
Male,Homicide Justified (Law Enforcement Staff)
Male,Natural
Male,Natural
Male,Natural
Male,Natural
Male,Homicide Justified (Law Enforcement Staff)
Male,Suicide
Male,Suicide
Male,Homicide Justified (Law Enforcement Staff)
Male,Suicide
Male,Suicide
Male,Natural
Male,Natural
Male,Natural
Male,Natural
Male,Natural
Male,Accidental
Male,Natural
Male,Natural
Male,Natural
Male,Homicide Justified (Law Enforcement Staff)
Male,Natural
Male,Natural
Male,Suicide
Male,Natural
Male,Homicide Justified (Law Enforcement Staff)
Male,Natural
Male,Natural
Male,Natural
Male,Homicide Justified (Law Enforcement Staff)
Male,Natural
Male,Natural
Male,Natural
Male,Natural
Male,Natural
Male,Natural
Male,Homicide Justified (Law Enforcement Staff)
Male,Suicide
Male,Natural
Male,Accidental
Male,Accidental
Male,Homicide Justified (Law Enforcement Staff)
Male,Natural
Male,Homicide Justified (Law Enforcement Staff)
Male,Natural
Male,Natural
Male,Suicide
Male,Pending Investigation
Male,Natural
Male,Natural
Male,Homicide Justified (Law Enforcement Staff)
Male,Suicide
Male,Accidental
Male,Natural
Male,Accidental
Male,Suicide
Male,Natural
Male,Accidental
Male,Natural
Male,Natural
Male,Natural
Male,Natural
Male,Natural
Male,Natural
Male,Homicide Justified (Law Enforcement Staff)
Male,Natural
Male,Natural
Male,Natural
Male,Natural
Male,Natural
Male,Natural
Male,Natural
Male,Natural
Male,Natural
Male,Accidental
Male,Natural
Male,Suicide
Male,Natural
Male,Natural
Male,Homicide Justified (Law Enforcement Staff)
Male,Natural
Male,Natural
Male,Homicide Willful (Other Inmate)
Male,Accidental
Male,Natural
Male,Natural
Male,Natural
Male,Suicide
Male,Natural
Male,Accidental
Male,Natural
Male,Natural
Male,Accidental
Male,Suicide
Male,Accidental
Male,Natural
Male,Natural
Male,Accidental
Male,Homicide Justified (Law Enforcement Staff)
Male,Natural
Male,Natural
Male,Accidental
Male,Accidental
Male,Suicide
Male,Natural
Male,Accidental
Male,Homicide Justified (Law Enforcement Staff)
Male,Natural
Male,Natural
Male,Natural
Male,Natural
Male,Homicide Willful (Other Inmate)
Male,Accidental
Male,Natural
Male,Homicide Justified (Law Enforcement Staff)
Male,Natural
Male,Natural
Male,Natural
Male,Natural
Male,Natural
Male,Natural
Male,Homicide Justified (Law Enforcement Staff)
Male,Accidental
Male,Homicide Justified (Law Enforcement Staff)
Male,Natural
Male,Pending Investigation
Male,Pending Investigation
Male,Natural
Male,Homicide Justified (Law Enforcement Staff)
Male,Natural
Male,Natural
Male,Homicide Justified (Law Enforcement Staff)
Male,Accidental
Male,Natural
Male,Homicide Justified (Law Enforcement Staff)
Male,Natural
Male,Suicide
Male,Suicide
Male,Accidental
Male,Suicide
Male,Natural
Male,Homicide Justified (Law Enforcement Staff)
Male,Accidental
Male,Natural
Male,Natural
Male,Natural
Male,Natural
Male,Natural
Male,Natural
Male,Homicide Justified (Law Enforcement Staff)
Male,Natural
Male,Natural
Male,Natural
Male,Natural
Male,Natural
Male,Homicide Justified (Law Enforcement Staff)
Male,Natural
Male,Natural
Male,Homicide Justified (Law Enforcement Staff)
Male,Natural
Male,Natural
Male,Homicide Justified (Law Enforcement Staff)
Male,Natural
Male,Natural
Male,Natural
Male,Natural
Male,Accidental
Male,Accidental
Male,Suicide
Male,Natural
Male,Natural
Male,Natural
Male,Natural
Male,Homicide Justified (Law Enforcement Staff)
Male,Homicide Willful (Other Inmate)
Male,Natural
Male,Suicide
Male,Suicide
Male,Pending Investigation
Male,Natural
Male,Natural
Male,Homicide Willful (Other Inmate)
Male,Natural
Male,Natural
Male,Natural
Male,Accidental
Male,Natural
Male,Natural
Male,Natural
Male,Natural
Male,Homicide Willful (Other Inmate)
Male,Accidental
Male,Suicide
Male,Accidental
Male,Natural
Male,Homicide Justified (Law Enforcement Staff)
Male,Natural
Male,Natural
Male,Natural
Male,Natural
Male,Accidental
Male,Homicide Justified (Law Enforcement Staff)
Male,Homicide Justified (Law Enforcement Staff)
Male,Natural
Male,Natural
Male,Natural
Male,Natural
Male,Homicide Justified (Law Enforcement Staff)
Male,Suicide
Male,Accidental
Male,Homicide Justified (Law Enforcement Staff)
Male,Homicide Justified (Law Enforcement Staff)
Male,Natural
Male,Accidental
Male,Natural
Male,Natural
Male,Homicide Willful (Other Inmate)
Male,Natural
Male,Suicide
Male,Suicide
Male,Natural
Male,Natural
Male,Natural
Male,Natural
Male,Homicide Justified (Law Enforcement Staff)
Male,Natural
Male,Homicide Justified (Law Enforcement Staff)
Male,Homicide Justified (Law Enforcement Staff)
Male,Pending Investigation
Male,Natural
Male,Natural
Male,Suicide
Male,Homicide Justified (Law Enforcement Staff)
Male,Homicide Justified (Law Enforcement Staff)
Male,Homicide Willful (Other Inmate)
Male,Suicide
Male,Suicide
Male,Natural
Male,Suicide
Male,Homicide Justified (Law Enforcement Staff)
Male,Natural
Male,Natural
Male,Accidental
Male,Homicide Justified (Law Enforcement Staff)
Male,Pending Investigation
Male,Natural
Male,Homicide Justified (Law Enforcement Staff)
Male,Suicide
Male,Homicide Justified (Law Enforcement Staff)
Male,Natural
Male,Natural
Male,Accidental
Male,Natural
Male,Natural
Male,Suicide
Male,Natural
Male,Natural
Male,Accidental
Male,Natural
Male,Suicide
Male,Natural
Male,Natural
Male,Natural
Male,Homicide Justified (Law Enforcement Staff)
Male,Homicide Justified (Law Enforcement Staff)
Male,Natural
Male,Accidental
Male,Natural
Male,Natural
Male,Suicide
Male,Natural
Male,Homicide Justified (Law Enforcement Staff)
Male,Suicide
Male,Homicide Justified (Law Enforcement Staff)
Male,Natural
Male,Natural
Male,Accidental
Male,Natural
Male,Natural
Male,Homicide Justified (Law Enforcement Staff)
Male,Homicide Willful (Other Inmate)
Male,Accidental
Male,Natural
Male,Natural
Male,Natural
Male,Natural
Male,Natural
Male,Natural
Male,Accidental
Male,Natural
Male,Natural
Male,Homicide Justified (Law Enforcement Staff)
Male,Homicide Willful (Other Inmate)
Male,Suicide
Male,Natural
Male,Suicide
Male,Accidental
Male,Natural
Male,Natural
Male,Pending Investigation
Male,Natural
Male,Natural
Male,Homicide Justified (Law Enforcement Staff)
Male,Natural
Male,Natural
Male,Natural
Male,Homicide Justified (Law Enforcement Staff)
Male,Natural
Male,Natural
Male,Natural
Male,Suicide
Male,Natural
Male,Suicide
Male,Homicide Justified (Law Enforcement Staff)
Male,Homicide Justified (Law Enforcement Staff)
Male,Accidental
Male,Natural
Male,Natural
Male,Natural
Male,Homicide Justified (Law Enforcement Staff)
Male,Natural
Male,Suicide
Male,Homicide Justified (Law Enforcement Staff)
Male,Natural
Male,Natural
Male,Suicide
Male,Homicide Justified (Law Enforcement Staff)
Male,Natural
Male,Suicide
Male,Homicide Justified (Law Enforcement Staff)
Male,Homicide Justified (Law Enforcement Staff)
Male,Natural
Male,Suicide
Male,Natural
Male,Homicide Justified (Law Enforcement Staff)
Male,Natural
Male,Natural
Male,Natural
Male,Homicide Justified (Law Enforcement Staff)
Male,Homicide Justified (Law Enforcement Staff)
Male,Natural
Male,Natural
Male,Natural
Male,Natural
Male,Natural
Male,Natural
Male,Accidental
Male,Accidental
Male,Natural
Male,Natural
Male,Natural
Male,Suicide
Male,Natural
Male,Natural
Male,Natural
Male,Suicide
Male,Suicide
Male,Homicide Justified (Law Enforcement Staff)
Male,Natural
Male,Homicide Justified (Law Enforcement Staff)
Male,Homicide Justified (Law Enforcement Staff)
Male,Natural
Male,Natural
Male,Natural
Male,Natural
Male,Homicide Justified (Law Enforcement Staff)
Male,Natural
Male,Homicide Justified (Law Enforcement Staff)
Male,Natural
Male,Homicide Willful (Other Inmate)
Male,Suicide
Male,Natural
Male,Natural
Male,Accidental
Male,Natural
Male,Pending Investigation
Male,Homicide Willful (Other Inmate)
Male,Natural
Male,Homicide Justified (Law Enforcement Staff)
Male,Homicide Justified (Law Enforcement Staff)
Male,Natural
Male,Natural
Male,Natural
Male,Natural
Male,Homicide Willful (Other Inmate)
Male,Natural
Male,Natural
Male,Natural
Male,Natural
Male,Accidental
Male,Natural
Male,Homicide Justified (Law Enforcement Staff)
Male,Natural
Male,Homicide Justified (Law Enforcement Staff)
Male,Natural
Male,Natural
Male,Natural
Male,Natural
Male,Homicide Justified (Law Enforcement Staff)
Male,Natural
Male,Accidental
Male,Natural
Male,Natural
Male,Accidental
Male,Natural
Male,Natural
Male,Natural
Male,Natural
Male,Natural
Male,Pending Investigation
Male,Suicide
Male,Homicide Willful (Other Inmate)
Male,Natural
Male,Natural
Male,Natural
Male,Natural
Male,Natural
Male,Accidental
Male,Natural
Male,Natural
Male,Natural
Male,Homicide Justified (Law Enforcement Staff)
Male,Suicide
Male,Accidental
Male,Natural
Male,Natural
Male,Natural
Male,Homicide Justified (Law Enforcement Staff)
Male,Homicide Justified (Law Enforcement Staff)
Male,Suicide
Male,Natural
Male,Natural
Male,Homicide Justified (Law Enforcement Staff)
Male,Natural
Male,Homicide Willful (Other Inmate)
Male,Natural
Male,Accidental
Male,Natural
Male,Suicide
Male,Natural
Male,Natural
Male,Homicide Willful (Other Inmate)
Male,Suicide
Male,Natural
Male,Suicide
Male,Other
Male,Natural
Male,Natural
Male,Homicide Justified (Law Enforcement Staff)
Male,Homicide Justified (Law Enforcement Staff)
Male,Natural
Male,Natural
Male,Natural
Male,Natural
Male,Natural
Male,Natural
Male,Pending Investigation
Male,Natural
Male,Natural
Male,Natural
Male,Homicide Justified (Law Enforcement Staff)
Male,Natural
Male,Natural
Male,Suicide
Male,Suicide
Male,Natural
Male,Accidental
Male,Homicide Justified (Law Enforcement Staff)
Male,Natural
Male,Natural
Male,Homicide Justified (Law Enforcement Staff)
Male,Natural
Male,Suicide
Male,Natural
Male,Homicide Justified (Law Enforcement Staff)
Male,Natural
Male,Suicide
Male,Accidental
Male,Natural
Male,Suicide
Male,Natural
Male,Pending Investigation
Male,Pending Investigation
Male,Natural
Male,Suicide
Male,Accidental
Male,Homicide Justified (Law Enforcement Staff)
Male,Natural
Male,Homicide Willful (Other Inmate)
Male,Natural
Male,Natural
Male,Natural
Male,Natural
Male,Accidental
Male,Pending Investigation
Male,Natural
Male,Accidental
Male,Accidental
Male,Suicide
Male,Homicide Willful (Other Inmate)
Male,Pending Investigation
Male,Natural
Male,Homicide Justified (Law Enforcement Staff)
Male,Natural
Male,Natural
Male,Suicide
Male,Natural
Male,Natural
Male,Natural
Male,Natural
Male,Homicide Justified (Law Enforcement Staff)
Male,Natural
Male,Homicide Justified (Law Enforcement Staff)
Male,Natural
Male,Homicide Justified (Law Enforcement Staff)
Male,Pending Investigation
Male,Suicide
Male,Natural
Male,Natural
Male,Natural
Male,Accidental
Male,Natural
Male,Suicide
Male,Accidental
Male,Suicide
Male,Natural
Male,Natural
Male,Natural
Male,Natural
Male,Natural
Male,Accidental
Male,Natural
Male,Natural
Male,Suicide
Male,Natural
Male,Natural
Male,Suicide
Male,Natural
Male,Natural
Male,Natural
Male,Natural
Male,Suicide
Male,Natural
Male,Homicide Justified (Law Enforcement Staff)
Male,Homicide Willful (Other Inmate)
Male,Natural
Male,Homicide Justified (Law Enforcement Staff)
Male,Natural
Male,Natural
Male,Natural
Male,Natural
Male,Accidental
Male,Natural
Male,Cannot be Determined
Male,Homicide Justified (Law Enforcement Staff)
Male,Natural
Male,Suicide
Male,Natural
Male,Natural
Male,Natural
Male,Homicide Justified (Law Enforcement Staff)
Male,Natural
Male,Natural
Male,Natural
Male,Homicide Justified (Law Enforcement Staff)
Male,Suicide
Male,Natural
Male,Natural
Male,Natural
Male,Natural
Male,Natural
Male,Natural
Male,Pending Investigation
Male,Natural
Male,Natural
Male,Natural
Male,Homicide Justified (Law Enforcement Staff)
Male,Natural
Male,Homicide Justified (Law Enforcement Staff)
Male,Natural
Male,Natural
Male,Natural
Male,Homicide Justified (Law Enforcement Staff)
Male,Natural
Male,Natural
Male,Natural
Male,Natural
Male,Natural
Male,Natural
Male,Natural
Male,Natural
Male,Natural
Male,Natural
Male,Accidental
Male,Natural
Male,Homicide Justified (Law Enforcement Staff)
Male,Natural
Male,Natural
Male,Natural
Male,Natural
Male,Natural
Male,Homicide Willful (Other Inmate)
Male,Natural
Male,Natural
Male,Natural
Male,Homicide Justified (Law Enforcement Staff)
Male,Natural
Male,Natural
Male,Natural
Male,Natural
Male,Natural
Male,Homicide Justified (Law Enforcement Staff)
Male,Natural
Male,Natural
Male,Homicide Justified (Law Enforcement Staff)
Male,Homicide Justified (Law Enforcement Staff)
Male,Accidental
Male,Natural
Male,Homicide Justified (Law Enforcement Staff)
Male,Natural
Male,Natural
Male,Suicide
Male,Homicide Justified (Law Enforcement Staff)
Male,Cannot be Determined
Male,Accidental
Male,Natural
Male,Homicide Justified (Law Enforcement Staff)
Male,Pending Investigation
Male,Natural
Male,Accidental
Male,Homicide Justified (Law Enforcement Staff)
Male,Homicide Willful (Other Inmate)
Male,Natural
Male,Accidental
Male,Pending Investigation
Male,Natural
Male,Natural
Male,Natural
Male,Accidental
Male,Natural
Male,Homicide Justified (Law Enforcement Staff)
Male,Homicide Willful (Other Inmate)
Male,Natural
Male,Natural
Male,Natural
Male,Homicide Justified (Law Enforcement Staff)
Male,Natural
Male,Natural
Male,Homicide Justified (Law Enforcement Staff)
Male,Natural
Male,Natural
Male,Natural
Male,Natural
Male,Homicide Willful (Other Inmate)
Male,Natural
Male,Natural
Male,Natural
Male,Natural
Male,Natural
Male,Natural
Male,Natural
Male,Natural
Male,Natural
Male,Natural
Male,Homicide Justified (Law Enforcement Staff)
Male,Suicide
Male,Natural
Male,Homicide Justified (Law Enforcement Staff)
Male,Natural
Male,Natural
Male,Natural
Male,Natural
Male,Natural
Male,Natural
Male,Natural
Male,Homicide Justified (Law Enforcement Staff)
Male,Natural
Male,Homicide Willful (Other Inmate)
Male,Suicide
Male,Natural
Male,Natural
Male,Natural
Male,Natural
Male,Suicide
Male,Natural
Male,Natural
Male,Natural
Male,Accidental
Male,Suicide
Male,Accidental
Male,Natural
Male,Natural
Male,Natural
Male,Natural
Male,Suicide
Male,Natural
Male,Natural
Male,Homicide Justified (Law Enforcement Staff)
Male,Natural
Male,Accidental
Male,Natural
Male,Natural
Male,Natural
Male,Natural
Male,Natural
Male,Natural
Male,Homicide Justified (Law Enforcement Staff)
Male,Natural
Male,Natural
Male,Homicide Justified (Law Enforcement Staff)
Male,Natural
Male,Accidental
Male,Homicide Justified (Law Enforcement Staff)
Male,Natural
Male,Natural
Male,Natural
Male,Natural
Male,Homicide Justified (Law Enforcement Staff)
Male,Homicide Justified (Law Enforcement Staff)
Male,Cannot be Determined
Male,Suicide
Male,Natural
Male,Natural
Male,Cannot be Determined
Male,Homicide Willful (Other Inmate)
Male,Homicide Justified (Law Enforcement Staff)
Male,Natural
Male,Natural
Male,Homicide Justified (Law Enforcement Staff)
Male,Accidental
Male,Accidental
Male,Natural
Male,Accidental
Male,Natural
Male,Homicide Justified (Law Enforcement Staff)
Male,Accidental
Male,Natural
Male,Natural
Male,Natural
Male,Homicide Justified (Law Enforcement Staff)
Male,Natural
Male,Suicide
Male,Natural
Male,Natural
Male,Natural
Male,Natural
Male,Homicide Justified (Law Enforcement Staff)
Male,Homicide Justified (Law Enforcement Staff)
Male,Homicide Justified (Law Enforcement Staff)
Male,Natural
Male,Accidental
Male,Natural
Male,Natural
Male,Suicide
Male,Natural
Male,Accidental
Male,Natural
Male,Accidental
Male,Natural
Male,Natural
Male,Natural
Male,Natural
Male,Accidental
Male,Natural
Male,Natural
Male,Pending Investigation
Male,Suicide
Male,Natural
Male,Accidental
Male,Natural
Male,Homicide Justified (Law Enforcement Staff)
Male,Natural
Male,Natural
Male,Homicide Justified (Law Enforcement Staff)
Male,Natural
Male,Natural
Male,Homicide Willful (Other Inmate)
Male,Suicide
Male,Natural
Male,Natural
Male,Natural
Male,Natural
Male,Natural
Male,Natural
Male,Natural
Male,Natural
Male,Natural
Male,Natural
Male,Natural
Male,Homicide Justified (Law Enforcement Staff)
Male,Natural
Male,Natural
Male,Natural
Male,Natural
Male,Pending Investigation
Male,Natural
Male,Homicide Justified (Other Inmate)
Male,Natural
Male,Accidental
Male,Homicide Justified (Law Enforcement Staff)
Male,Natural
Male,Accidental
Male,Natural
Male,Natural
Male,Homicide Willful (Other Inmate)
Male,Natural
Male,Natural
Male,Natural
Male,Homicide Justified (Law Enforcement Staff)
Male,Natural
Male,Natural
Male,Natural
Male,Natural
Male,Accidental
Male,Suicide
Male,Natural
Male,Natural
Male,Natural
Male,Natural
Male,Homicide Justified (Law Enforcement Staff)
Male,Natural
Male,Natural
Male,Natural
Male,Natural
Male,Natural
Male,Natural
Male,Homicide Justified (Law Enforcement Staff)
Male,Natural
Male,Natural
Male,Natural
Male,Natural
Male,Homicide Justified (Law Enforcement Staff)
Male,Suicide
Male,Natural
Male,Natural
Male,Suicide
Male,Homicide Willful (Other Inmate)
Male,Natural
Male,Natural
Male,Pending Investigation
Male,Natural
Male,Cannot be Determined
Male,Natural
Male,Pending Investigation
Male,Natural
Male,Natural
Male,Natural
Male,Natural
Male,Homicide Justified (Law Enforcement Staff)
Male,Natural
Male,Natural
Male,Natural
Male,Natural
Male,Homicide Willful (Other Inmate)
Male,Natural
Male,Accidental
Male,Natural
Male,Homicide Justified (Law Enforcement Staff)
Male,Homicide Justified (Law Enforcement Staff)
Male,Natural
Male,Accidental
Male,Natural
Male,Natural
Male,Homicide Justified (Law Enforcement Staff)
Male,Homicide Justified (Law Enforcement Staff)
Male,Natural
Male,Natural
Male,Natural
Male,Homicide Justified (Law Enforcement Staff)
Male,Homicide Justified (Law Enforcement Staff)
Male,Suicide
Male,Homicide Justified (Law Enforcement Staff)
Male,Suicide
Male,Natural
Male,Accidental
Male,Natural
Male,Natural
Male,Natural
Male,Natural
Male,Natural
Male,Natural
Male,Natural
Male,Natural
Male,Accidental
Male,Natural
Male,Homicide Willful (Other Inmate)
Male,Homicide Willful (Other Inmate)
Male,Natural
Male,Accidental
Male,Suicide
Male,Natural
Male,Natural
Male,Natural
Male,Natural
Male,Natural
Male,Natural
Male,Suicide
Male,Homicide Justified (Law Enforcement Staff)
Male,Homicide Justified (Law Enforcement Staff)
Male,Natural
Male,Accidental
Male,Natural
Male,Suicide
Male,Suicide
Male,Natural
Male,Natural
Male,Natural
Male,Homicide Justified (Law Enforcement Staff)
Male,Natural
Male,Natural
Male,Accidental
Male,Natural
Male,Homicide Justified (Law Enforcement Staff)
Male,Accidental
Male,Natural
Male,Natural
Male,Natural
Male,Natural
Male,Natural
Male,Natural
Male,Homicide Justified (Law Enforcement Staff)
Male,Suicide
Male,Natural
Male,Cannot be Determined
Male,Suicide
Male,Natural
Male,Natural
Male,Natural
Male,Natural
Male,Natural
Male,Natural
Male,Natural
Male,Natural
Male,Homicide Justified (Law Enforcement Staff)
Male,Accidental
Male,Natural
Male,Homicide Justified (Law Enforcement Staff)
Male,Accidental
Male,Natural
Male,Natural
Male,Natural
Male,Homicide Justified (Law Enforcement Staff)
Male,Natural
Male,Accidental
Male,Suicide
Male,Homicide Justified (Law Enforcement Staff)
Male,Natural
Male,Natural
Male,Homicide Justified (Law Enforcement Staff)
Male,Natural
Male,Natural
Male,Natural
Male,Suicide
Male,Natural
Male,Natural
Male,Natural
Male,Homicide Willful (Law Enforcement Staff)
Male,Suicide
Male,Natural
Male,Natural
Male,Natural
Male,Accidental
Male,Natural
Male,Accidental
Male,Homicide Justified (Law Enforcement Staff)
Male,Natural
Male,Natural
Male,Accidental
Male,Homicide Justified (Law Enforcement Staff)
Male,Natural
Male,Natural
Male,Natural
Male,Natural
Male,Accidental
Male,Natural
Male,Homicide Justified (Law Enforcement Staff)
Male,Homicide Justified (Law Enforcement Staff)
Male,Natural
Male,Suicide
Male,Natural
Male,Natural
Male,Accidental
Male,Natural
Male,Homicide Justified (Law Enforcement Staff)
Male,Natural
Male,Suicide
Male,Homicide Justified (Law Enforcement Staff)
Male,Homicide Justified (Law Enforcement Staff)
Male,Natural
Male,Natural
Male,Suicide
Male,Natural
Male,Accidental
Male,Suicide
Male,Natural
Male,Accidental
Male,Natural
Male,Homicide Justified (Law Enforcement Staff)
Male,Natural
Male,Natural
Male,Natural
Male,Natural
Male,Suicide
Male,Natural
Male,Natural
Male,Natural
Male,Natural
Male,Natural
Male,Natural
Male,Homicide Justified (Law Enforcement Staff)
Male,Natural
Male,Natural
Male,Homicide Justified (Law Enforcement Staff)
Male,Suicide
Male,Natural
Male,Natural
Male,Natural
Male,Homicide Justified (Law Enforcement Staff)
Male,Natural
Male,Suicide
Male,Natural
Male,Natural
Male,Suicide
Male,Accidental
Male,Natural
Male,Natural
Male,Natural
Male,Natural
Male,Natural
Male,Natural
Male,Accidental
Male,Natural
Male,Natural
Male,Suicide
Male,Natural
Male,Natural
Male,Natural
Male,Homicide Willful (Other Inmate)
Male,Natural
Male,Natural
Male,Homicide Justified (Law Enforcement Staff)
Male,Natural
Male,Natural
Male,Natural
Male,Natural
Male,Natural
Male,Natural
Male,Suicide
Male,Homicide Justified (Law Enforcement Staff)
Male,Natural
Male,Natural
Male,Natural
Male,Homicide Justified (Law Enforcement Staff)
Male,Natural
Male,Natural
Male,Natural
Male,Accidental
Male,Natural
Male,Homicide Justified (Law Enforcement Staff)
Male,Homicide Justified (Law Enforcement Staff)
Male,Natural
Male,Suicide
Male,Natural
Male,Accidental
Male,Natural
Male,Suicide
Male,Natural
Male,Natural
Male,Natural
Male,Natural
Male,Suicide
Male,Homicide Justified (Law Enforcement Staff)
Male,Natural
Male,Natural
Male,Homicide Justified (Law Enforcement Staff)
Male,Suicide
Male,Suicide
Male,Natural
Male,Homicide Justified (Law Enforcement Staff)
Male,Natural
Male,Cannot be Determined
Male,Natural
Male,Natural
Male,Accidental
Male,Natural
Male,Natural
Male,Accidental
Male,Homicide Justified (Law Enforcement Staff)
Male,Natural
Male,Natural
Male,Pending Investigation
Male,Natural
Male,Natural
Male,Natural
Male,Natural
Male,Cannot be Determined
Male,Natural
Male,Homicide Justified (Law Enforcement Staff)
Male,Natural
Male,Natural
Male,Natural
Male,Accidental
Male,Natural
Male,Natural
Male,Accidental
Male,Natural
Male,Homicide Justified (Law Enforcement Staff)
Male,Natural
Male,Natural
Male,Other
Male,Homicide Justified (Law Enforcement Staff)
Male,Natural
Male,Natural
Male,Natural
Male,Suicide
Male,Natural
Male,Natural
Male,Homicide Justified (Law Enforcement Staff)
